game_id,season,week,gameday,away_team,home_team,home_score,away_score,result,home_win_actual,incumbent_home_win_prob,predicted_winner,confidence_bucket,model_version,feature_set,calibration_method,caution_qb_change,caution_neutral,caution_early_season,caution_missing_features,caution_model_market_disagreement,market_model_diff,market_prob_diagnostic,market_minus_model_diagnostic,qb_change_flag,game_type,roof,surface,weekday,div_game,log_loss,brier,correct,actual_winner,is_favorite_correct,is_underdog_correct
2023_03_IND_BAL,2023,3,2023-09-24,IND,BAL,19,22,-3,0.0,0.8605735819342436,BAL,80+,v2.0.0,qb_changed + rolling_mov_3,Platt (logistic on Elo prob + features),1,0,1,0,0,-0.1006,0.76,-0.1006,1,REG,outdoors,grass,Sunday,0,1.9702,0.7406,0,IND,0,0
2023_18_LA_SF,2023,18,2024-01-07,LA,SF,20,21,-1,0.0,0.8223170769891153,SF,80+,v2.0.0,qb_changed + rolling_mov_3,Platt (logistic on Elo prob + features),1,0,0,0,0,-0.1418,0.6806,-0.1418,1,REG,outdoors,grass,Sunday,1,1.7278,0.6762,0,LA,0,0
2023_08_KC_DEN,2023,8,2023-10-29,KC,DEN,24,9,15,1.0,0.204091941057356,KC,50-55,v2.0.0,qb_changed + rolling_mov_3,Platt (logistic on Elo prob + features),0,0,0,0,0,0.055,0.2591,0.055,0,REG,outdoors,grass,Sunday,1,1.5892,0.6335,0,DEN,0,0
2023_17_ARI_PHI,2023,17,2023-12-31,ARI,PHI,31,35,-4,0.0,0.7932868135360243,PHI,70-80,v2.0.0,qb_changed + rolling_mov_3,Platt (logistic on Elo prob + features),0,0,0,0,0,0.0532,0.8465,0.0532,0,REG,outdoors,grass,Sunday,0,1.5764,0.6293,0,ARI,0,0
2023_13_ARI_PIT,2023,13,2023-12-03,ARI,PIT,10,24,-14,0.0,0.7834743297493092,PIT,70-80,v2.0.0,qb_changed + rolling_mov_3,Platt (logistic on Elo prob + features),0,0,0,0,0,-0.0739,0.7095,-0.0739,0,REG,outdoors,grass,Sunday,0,1.53,0.6138,0,ARI,0,0
2023_14_TEN_MIA,2023,14,2023-12-11,TEN,MIA,27,28,-1,0.0,0.7811171735908983,MIA,70-80,v2.0.0,qb_changed + rolling_mov_3,Platt (logistic on Elo prob + features),0,0,0,0,0,0.0866,0.8677,0.0866,0,REG,outdoors,grass,Monday,0,1.5192,0.6101,0,TEN,0,0
2023_07_BUF_NE,2023,7,2023-10-22,BUF,NE,29,25,4,1.0,0.2336029726989351,BUF,50-55,v2.0.0,qb_changed + rolling_mov_3,Platt (logistic on Elo prob + features),0,0,0,0,0,0.0005,0.2341,0.0005,0,REG,outdoors,fieldturf,Sunday,1,1.4541,0.5874,0,NE,0,0
2023_10_HOU_CIN,2023,10,2023-11-12,HOU,CIN,27,30,-3,0.0,0.7556196841854509,CIN,70-80,v2.0.0,qb_changed + rolling_mov_3,Platt (logistic on Elo prob + features),0,0,0,0,0,-0.0702,0.6854,-0.0702,0,REG,outdoors,fieldturf,Sunday,0,1.409,0.571,0,HOU,0,0
2023_06_SF_CLE,2023,6,2023-10-15,SF,CLE,19,17,2,1.0,0.2445801965939192,SF,50-55,v2.0.0,qb_changed + rolling_mov_3,Platt (logistic on Elo prob + features),1,0,0,0,0,-0.0359,0.2086,-0.0359,1,REG,outdoors,grass,Sunday,0,1.4082,0.5707,0,CLE,0,0
2023_06_PHI_NYJ,2023,6,2023-10-15,PHI,NYJ,20,14,6,1.0,0.2471894971495152,PHI,50-55,v2.0.0,qb_changed + rolling_mov_3,Platt (logistic on Elo prob + features),0,0,0,0,0,0.0307,0.2779,0.0307,0,REG,outdoors,fieldturf,Sunday,0,1.3976,0.5667,0,NYJ,0,0
2023_12_CHI_MIN,2023,12,2023-11-27,CHI,MIN,10,12,-2,0.0,0.752431727742451,MIN,70-80,v2.0.0,qb_changed + rolling_mov_3,Platt (logistic on Elo prob + features),0,0,0,0,1,-0.1528,0.5996,-0.1528,0,REG,dome,sportturf,Monday,1,1.3961,0.5662,0,CHI,0,0
2023_03_DAL_ARI,2023,3,2023-09-24,DAL,ARI,28,16,12,1.0,0.2532738054822592,DAL,50-55,v2.0.0,qb_changed + rolling_mov_3,Platt (logistic on Elo prob + features),0,0,1,0,0,-0.0849,0.1684,-0.0849,0,REG,open,grass,Sunday,0,1.3733,0.5576,0,ARI,0,0
2023_15_PHI_SEA,2023,15,2023-12-18,PHI,SEA,20,17,3,1.0,0.2675887307655288,PHI,50-55,v2.0.0,qb_changed + rolling_mov_3,Platt (logistic on Elo prob + features),0,0,0,0,0,0.0574,0.325,0.0574,0,REG,outdoors,fieldturf,Monday,0,1.3183,0.5364,0,SEA,0,0
2023_11_SEA_LA,2023,11,2023-11-19,SEA,LA,17,16,1,1.0,0.2755311089959382,SEA,50-55,v2.0.0,qb_changed + rolling_mov_3,Platt (logistic on Elo prob + features),1,0,0,0,1,0.2759,0.5514,0.2759,1,REG,dome,matrixturf,Sunday,1,1.2891,0.5249,0,LA,0,0
2023_01_BUF_NYJ,2023,1,2023-09-11,BUF,NYJ,22,16,6,1.0,0.2756560917425563,BUF,50-55,v2.0.0,qb_changed + rolling_mov_3,Platt (logistic on Elo prob + features),0,0,1,0,1,0.1729,0.4486,0.1729,0,REG,outdoors,,Monday,1,1.2886,0.5247,0,NYJ,0,0
2023_12_GB_DET,2023,12,2023-11-23,GB,DET,22,29,-7,0.0,0.7237893697043354,DET,70-80,v2.0.0,qb_changed + rolling_mov_3,Platt (logistic on Elo prob + features),0,0,0,0,0,0.053,0.7768,0.053,0,REG,dome,fieldturf,Thursday,1,1.2866,0.5239,0,GB,0,0
2023_15_HOU_TEN,2023,15,2023-12-17,HOU,TEN,16,19,-3,0.0,0.709968196432825,TEN,70-80,v2.0.0,qb_changed + rolling_mov_3,Platt (logistic on Elo prob + features),1,0,0,0,0,-0.1062,0.6038,-0.1062,1,REG,outdoors,grass,Sunday,1,1.2378,0.5041,0,HOU,0,0
2023_16_LV_KC,2023,16,2023-12-25,LV,KC,14,20,-6,0.0,0.7097304024181305,KC,70-80,v2.0.0,qb_changed + rolling_mov_3,Platt (logistic on Elo prob + features),0,0,0,0,0,0.1126,0.8223,0.1126,0,REG,outdoors,grass,Monday,1,1.2369,0.5037,0,LV,0,0
2023_14_DET_CHI,2023,14,2023-12-10,DET,CHI,28,13,15,1.0,0.2904015307191006,DET,50-55,v2.0.0,qb_changed + rolling_mov_3,Platt (logistic on Elo prob + features),0,0,0,0,0,0.1058,0.3962,0.1058,0,REG,outdoors,grass,Sunday,1,1.2365,0.5035,0,CHI,0,0
2023_03_HOU_JAX,2023,3,2023-09-24,HOU,JAX,17,37,-20,0.0,0.7058589508242509,JAX,70-80,v2.0.0,qb_changed + rolling_mov_3,Platt (logistic on Elo prob + features),0,0,1,0,0,0.0541,0.76,0.0541,0,REG,outdoors,grass,Sunday,1,1.2237,0.4982,0,HOU,0,0
2023_10_ATL_ARI,2023,10,2023-11-12,ATL,ARI,25,23,2,1.0,0.2958191315112304,ATL,50-55,v2.0.0,qb_changed + rolling_mov_3,Platt (logistic on Elo prob + features),1,0,0,0,1,0.1614,0.4573,0.1614,1,REG,closed,grass,Sunday,0,1.218,0.4959,0,ARI,0,0
2023_18_PIT_BAL,2023,18,2024-01-06,PIT,BAL,10,17,-7,0.0,0.7026684757570125,BAL,70-80,v2.0.0,qb_changed + rolling_mov_3,Platt (logistic on Elo prob + features),1,0,0,0,1,-0.2857,0.417,-0.2857,1,REG,outdoors,grass,Saturday,1,1.2129,0.4937,0,PIT,0,0
2023_05_CHI_WAS,2023,5,2023-10-05,CHI,WAS,20,40,-20,0.0,0.7024634837205432,WAS,70-80,v2.0.0,qb_changed + rolling_mov_3,Platt (logistic on Elo prob + features),0,0,0,0,0,-0.0117,0.6908,-0.0117,0,REG,outdoors,grass,Thursday,0,1.2122,0.4935,0,CHI,0,0
2023_18_PHI_NYG,2023,18,2024-01-07,PHI,NYG,27,10,17,1.0,0.2981598280032164,PHI,50-55,v2.0.0,qb_changed + rolling_mov_3,Platt (logistic on Elo prob + features),0,0,0,0,0,0.0306,0.3287,0.0306,0,REG,outdoors,fieldturf,Sunday,1,1.2101,0.4926,0,NYG,0,0
2023_10_DEN_BUF,2023,10,2023-11-13,DEN,BUF,22,24,-2,0.0,0.7015667930485024,BUF,70-80,v2.0.0,qb_changed + rolling_mov_3,Platt (logistic on Elo prob + features),0,0,0,0,0,0.0643,0.7659,0.0643,0,REG,outdoors,a_turf,Monday,0,1.2092,0.4922,0,DEN,0,0
2023_01_DET_KC,2023,1,2023-09-07,DET,KC,20,21,-1,0.0,0.6971193473548061,KC,65-70,v2.0.0,qb_changed + rolling_mov_3,Platt (logistic on Elo prob + features),0,0,1,0,0,-0.0602,0.6369,-0.0602,0,REG,outdoors,,Thursday,0,1.1944,0.486,0,DET,0,0
2023_14_HOU_NYJ,2023,14,2023-12-10,HOU,NYJ,30,6,24,1.0,0.3042965664694251,HOU,50-55,v2.0.0,qb_changed + rolling_mov_3,Platt (logistic on Elo prob + features),1,0,0,0,0,0.0865,0.3908,0.0865,1,REG,outdoors,fieldturf,Sunday,0,1.1898,0.484,0,NYJ,0,0
2023_16_CIN_PIT,2023,16,2023-12-23,CIN,PIT,34,11,23,1.0,0.3044663945768373,CIN,50-55,v2.0.0,qb_changed + rolling_mov_3,Platt (logistic on Elo prob + features),1,0,0,0,0,0.1125,0.417,0.1125,1,REG,outdoors,grass,Saturday,1,1.1892,0.4838,0,PIT,0,0
2023_10_CLE_BAL,2023,10,2023-11-12,CLE,BAL,31,33,-2,0.0,0.6858743296313693,BAL,65-70,v2.0.0,qb_changed + rolling_mov_3,Platt (logistic on Elo prob + features),0,0,0,0,0,0.0049,0.6908,0.0049,0,REG,outdoors,grass,Sunday,1,1.158,0.4704,0,CLE,0,0
2023_04_PIT_HOU,2023,4,2023-10-01,PIT,HOU,30,6,24,1.0,0.3161621244679002,PIT,50-55,v2.0.0,qb_changed + rolling_mov_3,Platt (logistic on Elo prob + features),0,0,1,0,0,0.0905,0.4066,0.0905,0,REG,open,astroturf,Sunday,0,1.1515,0.4676,0,HOU,0,0
2023_14_NE_PIT,2023,14,2023-12-07,NE,PIT,18,21,-3,0.0,0.679324972461605,PIT,65-70,v2.0.0,qb_changed + rolling_mov_3,Platt (logistic on Elo prob + features),1,0,0,0,0,0.0208,0.7002,0.0208,1,REG,outdoors,grass,Thursday,0,1.1373,0.4615,0,NE,0,0
2023_19_GB_DAL,2023,19,2024-01-14,GB,DAL,32,48,-16,0.0,0.6709697841386283,DAL,65-70,v2.0.0,qb_changed + rolling_mov_3,Platt (logistic on Elo prob + features),0,0,0,0,0,0.0731,0.7441,0.0731,0,WC,closed,matrixturf,Sunday,0,1.1116,0.4502,0,GB,0,0
2023_16_NE_DEN,2023,16,2023-12-24,NE,DEN,23,26,-3,0.0,0.6704247198591952,DEN,65-70,v2.0.0,qb_changed + rolling_mov_3,Platt (logistic on Elo prob + features),0,0,0,0,0,0.0704,0.7409,0.0704,0,REG,outdoors,grass,Sunday,0,1.11,0.4495,0,NE,0,0
2023_15_ATL_CAR,2023,15,2023-12-17,ATL,CAR,9,7,2,1.0,0.3302659960880988,ATL,50-55,v2.0.0,qb_changed + rolling_mov_3,Platt (logistic on Elo prob + features),0,0,0,0,0,0.0867,0.417,0.0867,0,REG,outdoors,grass,Sunday,1,1.1079,0.4485,0,CAR,0,0
2023_04_CIN_TEN,2023,4,2023-10-01,CIN,TEN,27,3,24,1.0,0.3323350460782305,CIN,50-55,v2.0.0,qb_changed + rolling_mov_3,Platt (logistic on Elo prob + features),0,0,1,0,0,0.0743,0.4066,0.0743,0,REG,outdoors,grass,Sunday,0,1.1016,0.4458,0,TEN,0,0
2023_01_CIN_CLE,2023,1,2023-09-10,CIN,CLE,24,3,21,1.0,0.3422041661078144,CIN,50-55,v2.0.0,qb_changed + rolling_mov_3,Platt (logistic on Elo prob + features),0,0,1,0,1,0.1535,0.4957,0.1535,0,REG,outdoors,,Sunday,1,1.0723,0.4327,0,CLE,0,0
2023_17_NO_TB,2023,17,2023-12-31,NO,TB,13,23,-10,0.0,0.6565980584954163,TB,65-70,v2.0.0,qb_changed + rolling_mov_3,Platt (logistic on Elo prob + features),0,0,0,0,0,-0.0845,0.5721,-0.0845,0,REG,outdoors,grass,Sunday,1,1.0689,0.4311,0,NO,0,0
2023_05_GB_LV,2023,5,2023-10-09,GB,LV,17,13,4,1.0,0.3456062046396468,GB,50-55,v2.0.0,qb_changed + rolling_mov_3,Platt (logistic on Elo prob + features),1,0,0,0,1,0.1718,0.5174,0.1718,1,REG,dome,grass,Monday,0,1.0625,0.4282,0,LV,0,0
2023_13_SF_PHI,2023,13,2023-12-03,SF,PHI,19,42,-23,0.0,0.6511066471824066,PHI,65-70,v2.0.0,qb_changed + rolling_mov_3,Platt (logistic on Elo prob + features),0,0,0,0,1,-0.2232,0.4279,-0.2232,0,REG,outdoors,grass,Sunday,0,1.053,0.4239,0,SF,0,0
2023_16_BAL_SF,2023,16,2023-12-25,BAL,SF,19,33,-14,0.0,0.6509723037856079,SF,65-70,v2.0.0,qb_changed + rolling_mov_3,Platt (logistic on Elo prob + features),0,0,0,0,0,0.0931,0.7441,0.0931,0,REG,outdoors,grass,Monday,0,1.0526,0.4238,0,BAL,0,0
2023_13_KC_GB,2023,13,2023-12-03,KC,GB,27,19,8,1.0,0.349202908514051,KC,50-55,v2.0.0,qb_changed + rolling_mov_3,Platt (logistic on Elo prob + features),0,0,0,0,0,-0.045,0.3042,-0.045,0,REG,outdoors,grass,Sunday,0,1.0521,0.4235,0,GB,0,0
2023_07_SF_MIN,2023,7,2023-10-23,SF,MIN,22,17,5,1.0,0.3592481463834898,SF,50-55,v2.0.0,qb_changed + rolling_mov_3,Platt (logistic on Elo prob + features),0,0,0,0,0,-0.0928,0.2665,-0.0928,0,REG,dome,sportturf,Monday,0,1.0237,0.4106,0,MIN,0,0
2023_02_SEA_DET,2023,2,2023-09-17,SEA,DET,31,37,-6,0.0,0.6389196124904994,DET,60-65,v2.0.0,qb_changed + rolling_mov_3,Platt (logistic on Elo prob + features),0,0,1,0,0,0.0186,0.6575,0.0186,0,REG,dome,,Sunday,0,1.0187,0.4082,0,SEA,0,0
2023_07_CLE_IND,2023,7,2023-10-22,CLE,IND,38,39,-1,0.0,0.6379441154077824,IND,60-65,v2.0.0,qb_changed + rolling_mov_3,Platt (logistic on Elo prob + features),1,0,0,0,1,-0.2544,0.3836,-0.2544,1,REG,open,fieldturf,Sunday,0,1.016,0.407,0,CLE,0,0
2023_07_GB_DEN,2023,7,2023-10-22,GB,DEN,19,17,2,1.0,0.3705198972651863,GB,50-55,v2.0.0,qb_changed + rolling_mov_3,Platt (logistic on Elo prob + features),0,0,0,0,0,0.1468,0.5174,0.1468,0,REG,outdoors,grass,Sunday,0,0.9928,0.3962,0,DEN,0,0
2023_16_IND_ATL,2023,16,2023-12-24,IND,ATL,29,10,19,1.0,0.3711017810663353,IND,50-55,v2.0.0,qb_changed + rolling_mov_3,Platt (logistic on Elo prob + features),1,0,0,0,1,0.2119,0.583,0.2119,1,REG,closed,fieldturf,Sunday,0,0.9913,0.3955,0,ATL,0,0
2023_14_BUF_KC,2023,14,2023-12-10,BUF,KC,17,20,-3,0.0,0.6269785018643795,KC,60-65,v2.0.0,qb_changed + rolling_mov_3,Platt (logistic on Elo prob + features),0,0,0,0,0,-0.0945,0.5325,-0.0945,0,REG,outdoors,grass,Sunday,0,0.9861,0.3931,0,BUF,0,0
2023_01_TB_MIN,2023,1,2023-09-10,TB,MIN,17,20,-3,0.0,0.6198524064403532,MIN,60-65,v2.0.0,qb_changed + rolling_mov_3,Platt (logistic on Elo prob + features),0,0,1,0,0,0.0249,0.6447,0.0249,0,REG,dome,,Sunday,0,0.9672,0.3842,0,TB,0,0
2023_20_KC_BUF,2023,20,2024-01-21,KC,BUF,24,27,-3,0.0,0.6187651140551583,BUF,60-65,v2.0.0,qb_changed + rolling_mov_3,Platt (logistic on Elo prob + features),0,0,0,0,0,-0.0553,0.5635,-0.0553,0,DIV,outdoors,a_turf,Sunday,0,0.9643,0.3829,0,KC,0,0
2023_12_NO_ATL,2023,12,2023-11-26,NO,ATL,24,15,9,1.0,0.388201033974805,NO,50-55,v2.0.0,qb_changed + rolling_mov_3,Platt (logistic on Elo prob + features),1,0,0,0,0,0.0691,0.4573,0.0691,1,REG,closed,fieldturf,Sunday,1,0.9462,0.3743,0,ATL,0,0
2023_13_CIN_JAX,2023,13,2023-12-04,CIN,JAX,31,34,-3,0.0,0.6031994310995751,JAX,60-65,v2.0.0,qb_changed + rolling_mov_3,Platt (logistic on Elo prob + features),0,0,0,0,1,0.2087,0.8119,0.2087,0,REG,outdoors,grass,Monday,0,0.9243,0.3638,0,CIN,0,0
2023_08_CIN_SF,2023,8,2023-10-29,CIN,SF,17,31,-14,0.0,0.6008159785664492,SF,60-65,v2.0.0,qb_changed + rolling_mov_3,Platt (logistic on Elo prob + features),0,0,0,0,0,0.0439,0.6447,0.0439,0,REG,outdoors,grass,Sunday,0,0.9183,0.361,0,CIN,0,0
2023_21_KC_BAL,2023,21,2024-01-28,KC,BAL,10,17,-7,0.0,0.599815793691897,BAL,55-60,v2.0.0,qb_changed + rolling_mov_3,Platt (logistic on Elo prob + features),0,0,0,0,0,0.0577,0.6575,0.0577,0,CON,outdoors,grass,Sunday,0,0.9158,0.3598,0,KC,0,0
2023_11_MIN_DEN,2023,11,2023-11-19,MIN,DEN,21,20,1,1.0,0.4003800401525341,MIN,50-55,v2.0.0,qb_changed + rolling_mov_3,Platt (logistic on Elo prob + features),0,0,0,0,1,0.1631,0.5635,0.1631,0,REG,outdoors,grass,Sunday,0,0.9153,0.3595,0,DEN,0,0
2023_08_ATL_TEN,2023,8,2023-10-29,ATL,TEN,28,23,5,1.0,0.4029188754420558,ATL,50-55,v2.0.0,qb_changed + rolling_mov_3,Platt (logistic on Elo prob + features),1,0,0,0,0,0.0543,0.4573,0.0543,1,REG,outdoors,grass,Sunday,0,0.909,0.3565,0,TEN,0,0
2023_08_HOU_CAR,2023,8,2023-10-29,HOU,CAR,15,13,2,1.0,0.4044198751342785,HOU,50-55,v2.0.0,qb_changed + rolling_mov_3,Platt (logistic on Elo prob + features),0,0,0,0,0,0.0022,0.4066,0.0022,0,REG,outdoors,grass,Sunday,0,0.9053,0.3547,0,CAR,0,0
2023_11_NYG_WAS,2023,11,2023-11-19,NYG,WAS,19,31,-12,0.0,0.5928941024947006,WAS,55-60,v2.0.0,qb_changed + rolling_mov_3,Platt (logistic on Elo prob + features),0,0,0,0,1,0.173,0.7659,0.173,0,REG,outdoors,grass,Sunday,1,0.8987,0.3515,0,NYG,0,0
2023_01_LA_SEA,2023,1,2023-09-10,LA,SEA,13,30,-17,0.0,0.5909348852260908,SEA,55-60,v2.0.0,qb_changed + rolling_mov_3,Platt (logistic on Elo prob + features),0,0,1,0,0,0.0665,0.6575,0.0665,0,REG,outdoors,,Sunday,1,0.8939,0.3492,0,LA,0,0
2023_02_BAL_CIN,2023,2,2023-09-17,BAL,CIN,24,27,-3,0.0,0.5891159363502176,CIN,55-60,v2.0.0,qb_changed + rolling_mov_3,Platt (logistic on Elo prob + features),0,0,1,0,0,0.0201,0.6092,0.0201,0,REG,outdoors,,Sunday,1,0.8894,0.3471,0,BAL,0,0
2023_07_WAS_NYG,2023,7,2023-10-22,WAS,NYG,14,7,7,1.0,0.4131204393483316,WAS,50-55,v2.0.0,qb_changed + rolling_mov_3,Platt (logistic on Elo prob + features),0,0,0,0,0,-0.0065,0.4066,-0.0065,0,REG,outdoors,fieldturf,Sunday,1,0.884,0.3444,0,NYG,0,0
2023_07_ATL_TB,2023,7,2023-10-22,ATL,TB,13,16,-3,0.0,0.5847999070607572,TB,55-60,v2.0.0,qb_changed + rolling_mov_3,Platt (logistic on Elo prob + features),0,0,0,0,0,-0.0127,0.5721,-0.0127,0,REG,outdoors,grass,Sunday,1,0.879,0.342,0,ATL,0,0
2023_16_SEA_TEN,2023,16,2023-12-24,SEA,TEN,17,20,-3,0.0,0.584749508132431,TEN,55-60,v2.0.0,qb_changed + rolling_mov_3,Platt (logistic on Elo prob + features),1,0,0,0,1,-0.1844,0.4004,-0.1844,1,REG,outdoors,grass,Sunday,0,0.8789,0.3419,0,SEA,0,0
2023_09_MIN_ATL,2023,9,2023-11-05,MIN,ATL,28,31,-3,0.0,0.5828662485427264,ATL,55-60,v2.0.0,qb_changed + rolling_mov_3,Platt (logistic on Elo prob + features),1,0,0,0,0,0.0481,0.6309,0.0481,1,REG,open,fieldturf,Sunday,0,0.8743,0.3397,0,MIN,0,0
2023_15_TB_GB,2023,15,2023-12-17,TB,GB,20,34,-14,0.0,0.5807488564327468,GB,55-60,v2.0.0,qb_changed + rolling_mov_3,Platt (logistic on Elo prob + features),0,0,0,0,0,0.0767,0.6575,0.0767,0,REG,outdoors,grass,Sunday,0,0.8693,0.3373,0,TB,0,0
2023_03_LAC_MIN,2023,3,2023-09-24,LAC,MIN,24,28,-4,0.0,0.5780746448068249,MIN,55-60,v2.0.0,qb_changed + rolling_mov_3,Platt (logistic on Elo prob + features),0,0,1,0,0,-0.0781,0.5,-0.0781,0,REG,dome,sportturf,Sunday,0,0.8629,0.3342,0,LAC,0,0
2023_14_GB_NYG,2023,14,2023-12-11,GB,NYG,24,22,2,1.0,0.4235109724158766,GB,50-55,v2.0.0,qb_changed + rolling_mov_3,Platt (logistic on Elo prob + features),0,0,0,0,0,-0.1193,0.3042,-0.1193,0,REG,outdoors,fieldturf,Monday,0,0.8592,0.3323,0,NYG,0,0
2023_10_SF_JAX,2023,10,2023-11-12,SF,JAX,3,34,-31,0.0,0.5763093633268864,JAX,55-60,v2.0.0,qb_changed + rolling_mov_3,Platt (logistic on Elo prob + features),0,0,0,0,1,-0.1801,0.3962,-0.1801,0,REG,outdoors,grass,Sunday,0,0.8588,0.3321,0,SF,0,0
2023_14_TB_ATL,2023,14,2023-12-10,TB,ATL,25,29,-4,0.0,0.5702603623979061,ATL,55-60,v2.0.0,qb_changed + rolling_mov_3,Platt (logistic on Elo prob + features),0,0,0,0,0,-0.0378,0.5325,-0.0378,0,REG,closed,fieldturf,Sunday,1,0.8446,0.3252,0,TB,0,0
2023_01_MIA_LAC,2023,1,2023-09-10,MIA,LAC,34,36,-2,0.0,0.5655036147256244,LAC,55-60,v2.0.0,qb_changed + rolling_mov_3,Platt (logistic on Elo prob + features),0,0,1,0,0,0.0279,0.5934,0.0279,0,REG,dome,,Sunday,0,0.8336,0.3198,0,MIA,0,0
2023_09_LAC_NYJ,2023,9,2023-11-06,LAC,NYJ,6,27,-21,0.0,0.5608952429252714,NYJ,55-60,v2.0.0,qb_changed + rolling_mov_3,Platt (logistic on Elo prob + features),0,0,0,0,1,-0.1647,0.3962,-0.1647,0,REG,outdoors,fieldturf,Monday,0,0.823,0.3146,0,LAC,0,0
2023_14_JAX_CLE,2023,14,2023-12-10,JAX,CLE,31,27,4,1.0,0.4440852003320497,JAX,50-55,v2.0.0,qb_changed + rolling_mov_3,Platt (logistic on Elo prob + features),0,0,0,0,0,0.1194,0.5635,0.1194,0,REG,outdoors,grass,Sunday,0,0.8117,0.309,0,CLE,0,0
2023_17_PIT_SEA,2023,17,2023-12-31,PIT,SEA,23,30,-7,0.0,0.5473795546457402,SEA,50-55,v2.0.0,qb_changed + rolling_mov_3,Platt (logistic on Elo prob + features),0,0,0,0,0,0.1163,0.6636,0.1163,0,REG,outdoors,fieldturf,Sunday,0,0.7927,0.2996,0,PIT,0,0
2023_06_NO_HOU,2023,6,2023-10-15,NO,HOU,20,13,7,1.0,0.4543394439222761,NO,50-55,v2.0.0,qb_changed + rolling_mov_3,Platt (logistic on Elo prob + features),0,0,0,0,0,0.0029,0.4573,0.0029,0,REG,closed,astroturf,Sunday,0,0.7889,0.2977,0,HOU,0,0
2023_12_CLE_DEN,2023,12,2023-11-26,CLE,DEN,29,12,17,1.0,0.4557692784144044,CLE,50-55,v2.0.0,qb_changed + rolling_mov_3,Platt (logistic on Elo prob + features),0,0,0,0,0,0.0767,0.5325,0.0767,0,REG,outdoors,grass,Sunday,0,0.7858,0.2962,0,DEN,0,0
2023_18_HOU_IND,2023,18,2024-01-06,HOU,IND,19,23,-4,0.0,0.5435100340841127,IND,50-55,v2.0.0,qb_changed + rolling_mov_3,Platt (logistic on Elo prob + features),0,0,0,0,0,-0.076,0.4675,-0.076,0,REG,closed,fieldturf,Saturday,1,0.7842,0.2954,0,HOU,0,0
2023_04_DET_GB,2023,4,2023-09-28,DET,GB,20,34,-14,0.0,0.5403774633884278,GB,50-55,v2.0.0,qb_changed + rolling_mov_3,Platt (logistic on Elo prob + features),0,0,1,0,0,-0.1039,0.4365,-0.1039,0,REG,outdoors,grass,Thursday,1,0.7773,0.292,0,DET,0,0
2023_02_LAC_TEN,2023,2,2023-09-17,LAC,TEN,27,24,3,1.0,0.4617259421165736,LAC,50-55,v2.0.0,qb_changed + rolling_mov_3,Platt (logistic on Elo prob + features),0,0,1,0,0,-0.0252,0.4365,-0.0252,0,REG,outdoors,,Sunday,0,0.7728,0.2897,0,TEN,0,0
2023_04_TB_NO,2023,4,2023-10-01,TB,NO,9,26,-17,0.0,0.5345860530351133,NO,50-55,v2.0.0,qb_changed + rolling_mov_3,Platt (logistic on Elo prob + features),0,0,1,0,0,0.1101,0.6447,0.1101,0,REG,dome,sportturf,Sunday,1,0.7648,0.2858,0,TB,0,0
2023_11_LAC_GB,2023,11,2023-11-19,LAC,GB,23,20,3,1.0,0.4681779542968947,LAC,50-55,v2.0.0,qb_changed + rolling_mov_3,Platt (logistic on Elo prob + features),0,0,0,0,0,-0.0615,0.4066,-0.0615,0,REG,outdoors,grass,Sunday,0,0.7589,0.2828,0,GB,0,0
2023_08_JAX_PIT,2023,8,2023-10-29,JAX,PIT,10,20,-10,0.0,0.5314624450760167,PIT,50-55,v2.0.0,qb_changed + rolling_mov_3,Platt (logistic on Elo prob + features),0,0,0,0,0,-0.0829,0.4486,-0.0829,0,REG,outdoors,grass,Sunday,0,0.7581,0.2825,0,JAX,0,0
2023_11_PIT_CLE,2023,11,2023-11-19,PIT,CLE,13,10,3,1.0,0.4697460508766607,PIT,50-55,v2.0.0,qb_changed + rolling_mov_3,Platt (logistic on Elo prob + features),1,0,0,0,0,0.0937,0.5635,0.0937,1,REG,outdoors,grass,Sunday,1,0.7556,0.2812,0,CLE,0,0
2023_09_TB_HOU,2023,9,2023-11-05,TB,HOU,39,37,2,1.0,0.4701236539980385,TB,50-55,v2.0.0,qb_changed + rolling_mov_3,Platt (logistic on Elo prob + features),0,0,0,0,0,0.1019,0.5721,0.1019,0,REG,closed,astroturf,Sunday,0,0.7548,0.2808,0,HOU,0,0
2023_15_DAL_BUF,2023,15,2023-12-17,DAL,BUF,31,10,21,1.0,0.4723248192405601,DAL,50-55,v2.0.0,qb_changed + rolling_mov_3,Platt (logistic on Elo prob + features),0,0,0,0,0,0.0791,0.5514,0.0791,0,REG,outdoors,a_turf,Sunday,0,0.7501,0.2784,0,BUF,0,0
2023_13_DEN_HOU,2023,13,2023-12-03,DEN,HOU,22,17,5,1.0,0.4752413953029278,DEN,50-55,v2.0.0,qb_changed + rolling_mov_3,Platt (logistic on Elo prob + features),0,0,0,0,0,0.1285,0.6038,0.1285,0,REG,closed,astroturf,Sunday,0,0.7439,0.2754,0,HOU,0,0
2023_06_WAS_ATL,2023,6,2023-10-15,WAS,ATL,16,24,-8,0.0,0.5233685967071556,ATL,50-55,v2.0.0,qb_changed + rolling_mov_3,Platt (logistic on Elo prob + features),0,0,0,0,0,0.0091,0.5325,0.0091,0,REG,closed,fieldturf,Sunday,0,0.741,0.2739,0,WAS,0,0
2023_05_TEN_IND,2023,5,2023-10-08,TEN,IND,23,16,7,1.0,0.4788484211509213,TEN,50-55,v2.0.0,qb_changed + rolling_mov_3,Platt (logistic on Elo prob + features),0,0,0,0,0,-0.0423,0.4365,-0.0423,0,REG,open,fieldturf,Sunday,1,0.7364,0.2716,0,IND,0,0
2023_16_WAS_NYJ,2023,16,2023-12-24,WAS,NYJ,30,28,2,1.0,0.4793359747936269,WAS,50-55,v2.0.0,qb_changed + rolling_mov_3,Platt (logistic on Elo prob + features),1,0,0,0,0,0.1203,0.5996,0.1203,1,REG,outdoors,fieldturf,Sunday,0,0.7354,0.2711,0,NYJ,0,0
2023_07_DET_BAL,2023,7,2023-10-22,DET,BAL,38,6,32,1.0,0.4820374566421277,DET,50-55,v2.0.0,qb_changed + rolling_mov_3,Platt (logistic on Elo prob + features),0,0,0,0,0,0.1113,0.5934,0.1113,0,REG,outdoors,grass,Sunday,0,0.7297,0.2683,0,BAL,0,0
2023_19_PHI_TB,2023,19,2024-01-15,PHI,TB,32,9,23,1.0,0.4826561891606432,PHI,50-55,v2.0.0,qb_changed + rolling_mov_3,Platt (logistic on Elo prob + features),0,0,0,0,0,-0.076,0.4066,-0.076,0,WC,outdoors,grass,Monday,0,0.7285,0.2676,0,TB,0,0
2023_15_PIT_IND,2023,15,2023-12-16,PIT,IND,30,13,17,1.0,0.4833496945681801,PIT,50-55,v2.0.0,qb_changed + rolling_mov_3,Platt (logistic on Elo prob + features),0,0,0,0,0,0.0427,0.5261,0.0427,0,REG,closed,fieldturf,Saturday,0,0.727,0.2669,0,IND,0,0
2023_10_CAR_CHI,2023,10,2023-11-09,CAR,CHI,16,13,3,1.0,0.4838300863829383,CAR,50-55,v2.0.0,qb_changed + rolling_mov_3,Platt (logistic on Elo prob + features),0,0,0,0,0,0.1326,0.6164,0.1326,0,REG,outdoors,grass,Thursday,0,0.726,0.2664,0,CHI,0,0
2023_04_BAL_CLE,2023,4,2023-10-01,BAL,CLE,3,28,-25,0.0,0.5158114030098646,CLE,50-55,v2.0.0,qb_changed + rolling_mov_3,Platt (logistic on Elo prob + features),1,0,1,0,0,-0.0673,0.4486,-0.0673,1,REG,outdoors,grass,Sunday,1,0.7253,0.2661,0,BAL,0,0
2023_11_PHI_KC,2023,11,2023-11-20,PHI,KC,17,21,-4,0.0,0.509385882691719,KC,50-55,v2.0.0,qb_changed + rolling_mov_3,Platt (logistic on Elo prob + features),0,0,0,0,0,0.0627,0.5721,0.0627,0,REG,outdoors,grass,Monday,0,0.7121,0.2595,0,PHI,0,0
2023_09_IND_CAR,2023,9,2023-11-05,IND,CAR,13,27,-14,0.0,0.5080803264998331,CAR,50-55,v2.0.0,qb_changed + rolling_mov_3,Platt (logistic on Elo prob + features),0,0,0,0,0,-0.0508,0.4573,-0.0508,0,REG,outdoors,grass,Sunday,0,0.7094,0.2581,0,IND,0,0
2023_08_NYJ_NYG,2023,8,2023-10-29,NYJ,NYG,10,13,-3,0.0,0.5064857984513904,NYG,50-55,v2.0.0,qb_changed + rolling_mov_3,Platt (logistic on Elo prob + features),0,0,0,0,0,-0.0999,0.4066,-0.0999,0,REG,outdoors,fieldturf,Sunday,0,0.7062,0.2565,0,NYJ,0,0
2023_03_NE_NYJ,2023,3,2023-09-24,NE,NYJ,10,15,-5,0.0,0.5020836049936058,NYJ,50-55,v2.0.0,qb_changed + rolling_mov_3,Platt (logistic on Elo prob + features),0,0,1,0,0,-0.0656,0.4365,-0.0656,0,REG,outdoors,fieldturf,Sunday,1,0.6973,0.2521,0,NE,0,0
2023_09_WAS_NE,2023,9,2023-11-05,WAS,NE,17,20,-3,0.0,0.5009420406066603,NE,50-55,v2.0.0,qb_changed + rolling_mov_3,Platt (logistic on Elo prob + features),0,0,0,0,0,0.0821,0.583,0.0821,0,REG,outdoors,fieldturf,Sunday,0,0.695,0.2509,0,WAS,0,0
2023_02_CLE_PIT,2023,2,2023-09-18,CLE,PIT,26,22,4,1.0,0.5015506321710743,PIT,50-55,v2.0.0,qb_changed + rolling_mov_3,Platt (logistic on Elo prob + features),0,0,1,0,0,-0.0736,0.4279,-0.0736,0,REG,outdoors,,Monday,1,0.6901,0.2485,1,PIT,1,0
2023_14_DEN_LAC,2023,14,2023-12-10,DEN,LAC,7,24,-17,0.0,0.4978475575138924,DEN,50-55,v2.0.0,qb_changed + rolling_mov_3,Platt (logistic on Elo prob + features),0,0,0,0,0,0.0955,0.5934,0.0955,0,REG,dome,matrixturf,Sunday,1,0.6889,0.2479,1,DEN,0,1
2023_18_JAX_TEN,2023,18,2024-01-07,JAX,TEN,28,20,8,1.0,0.5037949517809446,TEN,50-55,v2.0.0,qb_changed + rolling_mov_3,Platt (logistic on Elo prob + features),1,0,0,0,0,-0.1263,0.3775,-0.1263,1,REG,outdoors,grass,Sunday,1,0.6856,0.2462,1,TEN,1,0
2023_06_DET_TB,2023,6,2023-10-15,DET,TB,6,20,-14,0.0,0.4957418745817187,DET,50-55,v2.0.0,qb_changed + rolling_mov_3,Platt (logistic on Elo prob + features),0,0,0,0,0,-0.0891,0.4066,-0.0891,0,REG,outdoors,grass,Sunday,0,0.6847,0.2458,1,DET,0,1
2023_17_LV_IND,2023,17,2023-12-31,LV,IND,23,20,3,1.0,0.5060548154302029,IND,50-55,v2.0.0,qb_changed + rolling_mov_3,Platt (logistic on Elo prob + features),0,0,0,0,0,0.1104,0.6164,0.1104,0,REG,closed,fieldturf,Sunday,0,0.6811,0.244,1,IND,1,0
2023_18_NYJ_NE,2023,18,2024-01-07,NYJ,NE,3,17,-14,0.0,0.4936690032361372,NYJ,50-55,v2.0.0,qb_changed + rolling_mov_3,Platt (logistic on Elo prob + features),0,0,0,0,0,0.0698,0.5635,0.0698,0,REG,outdoors,fieldturf,Sunday,1,0.6806,0.2437,1,NYJ,0,1
2023_15_NYG_NO,2023,15,2023-12-17,NYG,NO,24,6,18,1.0,0.5107693244305183,NO,50-55,v2.0.0,qb_changed + rolling_mov_3,Platt (logistic on Elo prob + features),0,0,0,0,1,0.1746,0.6854,0.1746,0,REG,dome,sportturf,Sunday,0,0.6718,0.2393,1,NO,1,0
2023_02_IND_HOU,2023,2,2023-09-17,IND,HOU,20,31,-11,0.0,0.4890465767693072,IND,50-55,v2.0.0,qb_changed + rolling_mov_3,Platt (logistic on Elo prob + features),0,0,1,0,0,0.011,0.5,0.011,0,REG,open,,Sunday,1,0.6715,0.2392,1,IND,0,1
2023_10_NYJ_LV,2023,10,2023-11-12,NYJ,LV,16,12,4,1.0,0.5115050309467719,LV,50-55,v2.0.0,qb_changed + rolling_mov_3,Platt (logistic on Elo prob + features),0,0,0,0,0,-0.0223,0.4892,-0.0223,0,REG,dome,grass,Sunday,0,0.6704,0.2386,1,LV,1,0
2023_02_GB_ATL,2023,2,2023-09-17,GB,ATL,25,24,1,1.0,0.5138572540175207,ATL,50-55,v2.0.0,qb_changed + rolling_mov_3,Platt (logistic on Elo prob + features),0,0,1,0,0,0.0582,0.5721,0.0582,0,REG,open,,Sunday,0,0.6658,0.2363,1,ATL,1,0
2023_12_PIT_CIN,2023,12,2023-11-26,PIT,CIN,10,16,-6,0.0,0.4859185902713588,PIT,50-55,v2.0.0,qb_changed + rolling_mov_3,Platt (logistic on Elo prob + features),1,0,0,0,0,-0.0374,0.4486,-0.0374,1,REG,outdoors,fieldturf,Sunday,1,0.6654,0.2361,1,PIT,0,1
2023_01_LV_DEN,2023,1,2023-09-10,LV,DEN,16,17,-1,0.0,0.4843382600777902,LV,50-55,v2.0.0,qb_changed + rolling_mov_3,Platt (logistic on Elo prob + features),0,0,1,0,0,0.109,0.5934,0.109,0,REG,outdoors,,Sunday,1,0.6623,0.2346,1,LV,0,1
2023_04_LA_IND,2023,4,2023-10-01,LA,IND,23,29,-6,0.0,0.4841708722169893,LA,50-55,v2.0.0,qb_changed + rolling_mov_3,Platt (logistic on Elo prob + features),1,0,1,0,0,0.005,0.4892,0.005,1,REG,open,fieldturf,Sunday,0,0.662,0.2344,1,LA,0,1
2023_01_CAR_ATL,2023,1,2023-09-10,CAR,ATL,24,10,14,1.0,0.5162066464961728,ATL,50-55,v2.0.0,qb_changed + rolling_mov_3,Platt (logistic on Elo prob + features),0,0,1,0,0,0.1147,0.6309,0.1147,0,REG,closed,,Sunday,1,0.6612,0.2341,1,ATL,1,0
2023_14_PHI_DAL,2023,14,2023-12-10,PHI,DAL,33,13,20,1.0,0.5176731271523763,DAL,50-55,v2.0.0,qb_changed + rolling_mov_3,Platt (logistic on Elo prob + features),0,0,0,0,0,0.0916,0.6092,0.0916,0,REG,closed,matrixturf,Sunday,1,0.6584,0.2326,1,DAL,1,0
2023_17_GB_MIN,2023,17,2023-12-31,GB,MIN,10,33,-23,0.0,0.4787839566007192,GB,50-55,v2.0.0,qb_changed + rolling_mov_3,Platt (logistic on Elo prob + features),1,0,0,0,0,0.0255,0.5043,0.0255,1,REG,dome,sportturf,Sunday,1,0.6516,0.2292,1,GB,0,1
2023_05_NO_NE,2023,5,2023-10-08,NO,NE,0,34,-34,0.0,0.4785659059551826,NO,50-55,v2.0.0,qb_changed + rolling_mov_3,Platt (logistic on Elo prob + features),0,0,0,0,0,0.0729,0.5514,0.0729,0,REG,outdoors,fieldturf,Sunday,0,0.6512,0.229,1,NO,0,1
2023_05_BAL_PIT,2023,5,2023-10-08,BAL,PIT,17,10,7,1.0,0.5234653321347508,PIT,50-55,v2.0.0,qb_changed + rolling_mov_3,Platt (logistic on Elo prob + features),0,0,0,0,1,-0.1925,0.331,-0.1925,0,REG,outdoors,grass,Sunday,1,0.6473,0.2271,1,PIT,1,0
2023_16_DAL_MIA,2023,16,2023-12-24,DAL,MIA,22,20,2,1.0,0.5234561729762658,MIA,50-55,v2.0.0,qb_changed + rolling_mov_3,Platt (logistic on Elo prob + features),0,0,0,0,0,0.0026,0.5261,0.0026,0,REG,outdoors,grass,Sunday,0,0.6473,0.2271,1,MIA,1,0
2023_17_DET_DAL,2023,17,2023-12-30,DET,DAL,20,19,1,1.0,0.5235060835445167,DAL,50-55,v2.0.0,qb_changed + rolling_mov_3,Platt (logistic on Elo prob + features),0,0,0,0,1,0.1515,0.675,0.1515,0,REG,closed,matrixturf,Saturday,0,0.6472,0.227,1,DAL,1,0
2023_16_JAX_TB,2023,16,2023-12-24,JAX,TB,30,12,18,1.0,0.527231632449364,TB,50-55,v2.0.0,qb_changed + rolling_mov_3,Platt (logistic on Elo prob + features),0,0,0,0,0,-0.0597,0.4675,-0.0597,0,REG,outdoors,grass,Sunday,0,0.6401,0.2235,1,TB,1,0
2023_17_CIN_KC,2023,17,2023-12-31,CIN,KC,25,17,8,1.0,0.5281624930737857,KC,50-55,v2.0.0,qb_changed + rolling_mov_3,Platt (logistic on Elo prob + features),0,0,0,0,1,0.2159,0.7441,0.2159,0,REG,outdoors,grass,Sunday,0,0.6384,0.2226,1,KC,1,0
2023_18_KC_LAC,2023,18,2024-01-07,KC,LAC,12,13,-1,0.0,0.471652530646629,KC,50-55,v2.0.0,qb_changed + rolling_mov_3,Platt (logistic on Elo prob + features),1,0,0,0,1,0.1508,0.6225,0.1508,1,REG,dome,matrixturf,Sunday,1,0.638,0.2225,1,KC,0,1
2023_02_MIA_NE,2023,2,2023-09-17,MIA,NE,17,24,-7,0.0,0.4713663045460853,MIA,50-55,v2.0.0,qb_changed + rolling_mov_3,Platt (logistic on Elo prob + features),0,0,1,0,0,-0.0141,0.4573,-0.0141,0,REG,outdoors,,Sunday,1,0.6375,0.2222,1,MIA,0,1
2023_05_NYJ_DEN,2023,5,2023-10-08,NYJ,DEN,21,31,-10,0.0,0.4695071900296404,NYJ,50-55,v2.0.0,qb_changed + rolling_mov_3,Platt (logistic on Elo prob + features),0,0,0,0,0,0.0819,0.5514,0.0819,0,REG,outdoors,grass,Sunday,0,0.6339,0.2204,1,NYJ,0,1
2023_07_LV_CHI,2023,7,2023-10-22,LV,CHI,30,12,18,1.0,0.5310900807117078,CHI,50-55,v2.0.0,qb_changed + rolling_mov_3,Platt (logistic on Elo prob + features),1,0,0,0,0,-0.0946,0.4365,-0.0946,1,REG,outdoors,grass,Sunday,0,0.6328,0.2199,1,CHI,1,0
2023_10_TEN_TB,2023,10,2023-11-12,TEN,TB,20,6,14,1.0,0.532150470962172,TB,50-55,v2.0.0,qb_changed + rolling_mov_3,Platt (logistic on Elo prob + features),0,0,0,0,0,0.0313,0.5635,0.0313,0,REG,outdoors,grass,Sunday,0,0.6308,0.2189,1,TB,1,0
2023_12_TB_IND,2023,12,2023-11-26,TB,IND,27,20,7,1.0,0.5330640971637313,IND,50-55,v2.0.0,qb_changed + rolling_mov_3,Platt (logistic on Elo prob + features),0,0,0,0,0,0.0499,0.583,0.0499,0,REG,closed,fieldturf,Sunday,0,0.6291,0.218,1,IND,1,0
2023_17_LAC_DEN,2023,17,2023-12-31,LAC,DEN,16,9,7,1.0,0.533256394332684,DEN,50-55,v2.0.0,qb_changed + rolling_mov_3,Platt (logistic on Elo prob + features),1,0,0,0,0,0.1036,0.6369,0.1036,1,REG,outdoors,grass,Sunday,1,0.6288,0.2178,1,DEN,1,0
2023_18_BUF_MIA,2023,18,2024-01-07,BUF,MIA,14,21,-7,0.0,0.4667230684824315,BUF,50-55,v2.0.0,qb_changed + rolling_mov_3,Platt (logistic on Elo prob + features),0,0,0,0,0,-0.0497,0.417,-0.0497,0,REG,outdoors,grass,Sunday,1,0.6287,0.2178,1,BUF,0,1
2023_11_CIN_BAL,2023,11,2023-11-16,CIN,BAL,34,20,14,1.0,0.5335703319270036,BAL,50-55,v2.0.0,qb_changed + rolling_mov_3,Platt (logistic on Elo prob + features),0,0,0,0,0,0.1112,0.6447,0.1112,0,REG,outdoors,grass,Thursday,1,0.6282,0.2176,1,BAL,1,0
2023_06_DAL_LAC,2023,6,2023-10-16,DAL,LAC,17,20,-3,0.0,0.4643420035731266,DAL,50-55,v2.0.0,qb_changed + rolling_mov_3,Platt (logistic on Elo prob + features),0,0,0,0,0,-0.0071,0.4573,-0.0071,0,REG,dome,matrixturf,Monday,0,0.6243,0.2156,1,DAL,0,1
2023_10_DET_LAC,2023,10,2023-11-12,DET,LAC,38,41,-3,0.0,0.464082635408271,DET,50-55,v2.0.0,qb_changed + rolling_mov_3,Platt (logistic on Elo prob + features),0,0,0,0,0,-0.0276,0.4365,-0.0276,0,REG,dome,matrixturf,Sunday,0,0.6238,0.2154,1,DET,0,1
2023_08_NO_IND,2023,8,2023-10-29,NO,IND,27,38,-11,0.0,0.4640372326758794,NO,50-55,v2.0.0,qb_changed + rolling_mov_3,Platt (logistic on Elo prob + features),0,0,0,0,0,-0.0068,0.4573,-0.0068,0,REG,closed,fieldturf,Sunday,0,0.6237,0.2153,1,NO,0,1
2023_03_NO_GB,2023,3,2023-09-24,NO,GB,18,17,1,1.0,0.536499053544745,GB,50-55,v2.0.0,qb_changed + rolling_mov_3,Platt (logistic on Elo prob + features),0,0,1,0,0,-0.069,0.4675,-0.069,0,REG,outdoors,grass,Sunday,0,0.6227,0.2148,1,GB,1,0
2023_18_DEN_LV,2023,18,2024-01-07,DEN,LV,27,14,13,1.0,0.5370841495014959,LV,50-55,v2.0.0,qb_changed + rolling_mov_3,Platt (logistic on Elo prob + features),0,0,0,0,0,0.0722,0.6092,0.0722,0,REG,dome,grass,Sunday,1,0.6216,0.2143,1,LV,1,0
2023_06_NE_LV,2023,6,2023-10-15,NE,LV,21,17,4,1.0,0.5389861400630885,LV,50-55,v2.0.0,qb_changed + rolling_mov_3,Platt (logistic on Elo prob + features),0,0,0,0,0,0.0331,0.5721,0.0331,0,REG,dome,grass,Sunday,0,0.6181,0.2125,1,LV,1,0
2023_19_MIA_KC,2023,19,2024-01-13,MIA,KC,26,7,19,1.0,0.5404773685128617,KC,50-55,v2.0.0,qb_changed + rolling_mov_3,Platt (logistic on Elo prob + features),1,0,0,0,0,0.1285,0.669,0.1285,1,WC,outdoors,grass,Saturday,0,0.6153,0.2112,1,KC,1,0
2023_16_DET_MIN,2023,16,2023-12-24,DET,MIN,24,30,-6,0.0,0.4590277191751802,DET,50-55,v2.0.0,qb_changed + rolling_mov_3,Platt (logistic on Elo prob + features),0,0,0,0,0,-0.0311,0.4279,-0.0311,0,REG,dome,sportturf,Sunday,1,0.6144,0.2107,1,DET,0,1
2023_13_IND_TEN,2023,13,2023-12-03,IND,TEN,28,31,-3,0.0,0.4555335366202686,IND,50-55,v2.0.0,qb_changed + rolling_mov_3,Platt (logistic on Elo prob + features),0,0,0,0,0,0.0184,0.4739,0.0184,0,REG,outdoors,grass,Sunday,1,0.6079,0.2075,1,IND,0,1
2023_12_NE_NYG,2023,12,2023-11-26,NE,NYG,10,7,3,1.0,0.5453224496285686,NYG,50-55,v2.0.0,qb_changed + rolling_mov_3,Platt (logistic on Elo prob + features),0,0,0,0,1,-0.2028,0.3425,-0.2028,0,REG,outdoors,fieldturf,Sunday,0,0.6064,0.2067,1,NYG,1,0
2023_07_JAX_NO,2023,7,2023-10-19,JAX,NO,24,31,-7,0.0,0.4530473331135636,JAX,50-55,v2.0.0,qb_changed + rolling_mov_3,Platt (logistic on Elo prob + features),0,0,0,0,0,0.119,0.5721,0.119,0,REG,dome,sportturf,Thursday,0,0.6034,0.2053,1,JAX,0,1
2023_13_ATL_NYJ,2023,13,2023-12-03,ATL,NYJ,8,13,-5,0.0,0.4515869887293384,ATL,50-55,v2.0.0,qb_changed + rolling_mov_3,Platt (logistic on Elo prob + features),0,0,0,0,0,0.0159,0.4675,0.0159,0,REG,outdoors,fieldturf,Sunday,0,0.6007,0.2039,1,ATL,0,1
2023_03_ATL_DET,2023,3,2023-09-24,ATL,DET,20,6,14,1.0,0.5517474843032872,DET,55-60,v2.0.0,qb_changed + rolling_mov_3,Platt (logistic on Elo prob + features),0,0,1,0,0,0.0479,0.5996,0.0479,0,REG,dome,fieldturf,Sunday,0,0.5947,0.2009,1,DET,1,0
2023_02_KC_JAX,2023,2,2023-09-17,KC,JAX,9,17,-8,0.0,0.4479609585876766,KC,50-55,v2.0.0,qb_changed + rolling_mov_3,Platt (logistic on Elo prob + features),0,0,1,0,0,-0.0517,0.3962,-0.0517,0,REG,outdoors,,Sunday,0,0.5941,0.2007,1,KC,0,1
2023_17_ATL_CHI,2023,17,2023-12-31,ATL,CHI,37,17,20,1.0,0.5529036000823422,CHI,55-60,v2.0.0,qb_changed + rolling_mov_3,Platt (logistic on Elo prob + features),0,0,0,0,0,0.0301,0.583,0.0301,0,REG,outdoors,grass,Sunday,0,0.5926,0.1999,1,CHI,1,0
2023_04_SEA_NYG,2023,4,2023-10-02,SEA,NYG,3,24,-21,0.0,0.4457322441494066,SEA,50-55,v2.0.0,qb_changed + rolling_mov_3,Platt (logistic on Elo prob + features),0,0,1,0,0,-0.0092,0.4365,-0.0092,0,REG,outdoors,fieldturf,Monday,0,0.5901,0.1987,1,SEA,0,1
2023_15_BAL_JAX,2023,15,2023-12-17,BAL,JAX,7,23,-16,0.0,0.4450551057404964,BAL,50-55,v2.0.0,qb_changed + rolling_mov_3,Platt (logistic on Elo prob + features),0,0,0,0,0,-0.1087,0.3364,-0.1087,0,REG,outdoors,grass,Sunday,0,0.5889,0.1981,1,BAL,0,1
2023_05_HOU_ATL,2023,5,2023-10-08,HOU,ATL,21,19,2,1.0,0.5572521629594349,ATL,55-60,v2.0.0,qb_changed + rolling_mov_3,Platt (logistic on Elo prob + features),0,0,0,0,0,0.0062,0.5635,0.0062,0,REG,open,fieldturf,Sunday,0,0.5847,0.196,1,ATL,1,0
2023_07_PIT_LA,2023,7,2023-10-22,PIT,LA,17,24,-7,0.0,0.4393972416152411,PIT,50-55,v2.0.0,qb_changed + rolling_mov_3,Platt (logistic on Elo prob + features),0,0,0,0,1,0.1698,0.6092,0.1698,0,REG,dome,matrixturf,Sunday,0,0.5787,0.1931,1,PIT,0,1
2023_01_DAL_NYG,2023,1,2023-09-10,DAL,NYG,0,40,-40,0.0,0.438207966720798,DAL,50-55,v2.0.0,qb_changed + rolling_mov_3,Platt (logistic on Elo prob + features),0,0,1,0,0,-0.042,0.3962,-0.042,0,REG,outdoors,,Sunday,1,0.5766,0.192,1,DAL,0,1
2023_03_BUF_WAS,2023,3,2023-09-24,BUF,WAS,3,37,-34,0.0,0.4381552854946323,BUF,50-55,v2.0.0,qb_changed + rolling_mov_3,Platt (logistic on Elo prob + features),0,0,1,0,0,-0.1187,0.3194,-0.1187,0,REG,outdoors,grass,Sunday,0,0.5765,0.192,1,BUF,0,1
2023_20_GB_SF,2023,20,2024-01-20,GB,SF,24,21,3,1.0,0.5631809418415226,SF,55-60,v2.0.0,qb_changed + rolling_mov_3,Platt (logistic on Elo prob + features),1,0,0,0,1,0.2282,0.7914,0.2282,1,DIV,outdoors,grass,Saturday,0,0.5742,0.1908,1,SF,1,0
2023_01_SF_PIT,2023,1,2023-09-10,SF,PIT,7,30,-23,0.0,0.4358793695025921,SF,50-55,v2.0.0,qb_changed + rolling_mov_3,Platt (logistic on Elo prob + features),0,0,1,0,0,0.0424,0.4783,0.0424,0,REG,outdoors,,Sunday,0,0.5725,0.19,1,SF,0,1
2023_16_CLE_HOU,2023,16,2023-12-24,CLE,HOU,22,36,-14,0.0,0.4325883583620261,CLE,50-55,v2.0.0,qb_changed + rolling_mov_3,Platt (logistic on Elo prob + features),0,0,0,0,0,-0.026,0.4066,-0.026,0,REG,closed,astroturf,Sunday,0,0.5667,0.1871,1,CLE,0,1
2023_12_CAR_TEN,2023,12,2023-11-26,CAR,TEN,17,10,7,1.0,0.5697995529968078,TEN,55-60,v2.0.0,qb_changed + rolling_mov_3,Platt (logistic on Elo prob + features),0,0,0,0,0,0.0394,0.6092,0.0394,0,REG,outdoors,grass,Sunday,0,0.5625,0.1851,1,TEN,1,0
2023_09_BUF_CIN,2023,9,2023-11-05,BUF,CIN,24,18,6,1.0,0.5703696593104168,CIN,55-60,v2.0.0,qb_changed + rolling_mov_3,Platt (logistic on Elo prob + features),0,0,0,0,0,-0.0379,0.5325,-0.0379,0,REG,outdoors,fieldturf,Sunday,0,0.5615,0.1846,1,CIN,1,0
2023_06_SEA_CIN,2023,6,2023-10-15,SEA,CIN,17,13,4,1.0,0.5715850248579323,CIN,55-60,v2.0.0,qb_changed + rolling_mov_3,Platt (logistic on Elo prob + features),0,0,0,0,0,0.0114,0.583,0.0114,0,REG,outdoors,fieldturf,Sunday,0,0.5593,0.1835,1,CIN,1,0
2023_12_JAX_HOU,2023,12,2023-11-26,JAX,HOU,21,24,-3,0.0,0.4265167803000649,JAX,50-55,v2.0.0,qb_changed + rolling_mov_3,Platt (logistic on Elo prob + features),0,0,0,0,0,0.0626,0.4892,0.0626,0,REG,closed,astroturf,Sunday,1,0.556,0.1819,1,JAX,0,1
2023_02_NO_CAR,2023,2,2023-09-18,NO,CAR,17,20,-3,0.0,0.4264712576061606,NO,50-55,v2.0.0,qb_changed + rolling_mov_3,Platt (logistic on Elo prob + features),0,0,1,0,0,-0.0357,0.3908,-0.0357,0,REG,outdoors,,Monday,1,0.5559,0.1819,1,NO,0,1
2023_21_DET_SF,2023,21,2024-01-28,DET,SF,34,31,3,1.0,0.5752203122898778,SF,55-60,v2.0.0,qb_changed + rolling_mov_3,Platt (logistic on Elo prob + features),0,0,0,0,1,0.1583,0.7335,0.1583,0,CON,outdoors,grass,Sunday,0,0.553,0.1804,1,SF,1,0
2023_15_DEN_DET,2023,15,2023-12-16,DEN,DET,42,17,25,1.0,0.5771506487634177,DET,55-60,v2.0.0,qb_changed + rolling_mov_3,Platt (logistic on Elo prob + features),0,0,0,0,0,0.1136,0.6908,0.1136,0,REG,dome,fieldturf,Saturday,0,0.5497,0.1788,1,DET,1,0
2023_01_TEN_NO,2023,1,2023-09-10,TEN,NO,16,15,1,1.0,0.5773468082124509,NO,55-60,v2.0.0,qb_changed + rolling_mov_3,Platt (logistic on Elo prob + features),0,0,1,0,0,-0.0053,0.5721,-0.0053,0,REG,dome,,Sunday,0,0.5493,0.1786,1,NO,1,0
2023_10_WAS_SEA,2023,10,2023-11-12,WAS,SEA,29,26,3,1.0,0.5773942024351116,SEA,55-60,v2.0.0,qb_changed + rolling_mov_3,Platt (logistic on Elo prob + features),0,0,0,0,0,0.1228,0.7002,0.1228,0,REG,outdoors,fieldturf,Sunday,0,0.5492,0.1786,1,SEA,1,0
2023_04_DEN_CHI,2023,4,2023-10-01,DEN,CHI,28,31,-3,0.0,0.4223469468041794,DEN,50-55,v2.0.0,qb_changed + rolling_mov_3,Platt (logistic on Elo prob + features),0,0,1,0,0,-0.0157,0.4066,-0.0157,0,REG,outdoors,grass,Sunday,0,0.5488,0.1784,1,DEN,0,1
2023_14_MIN_LV,2023,14,2023-12-10,MIN,LV,0,3,-3,0.0,0.4179538629113498,MIN,50-55,v2.0.0,qb_changed + rolling_mov_3,Platt (logistic on Elo prob + features),0,0,0,0,0,-0.0009,0.417,-0.0009,0,REG,dome,grass,Sunday,0,0.5412,0.1747,1,MIN,0,1
2023_16_NO_LA,2023,16,2023-12-21,NO,LA,30,22,8,1.0,0.5848525368929841,LA,55-60,v2.0.0,qb_changed + rolling_mov_3,Platt (logistic on Elo prob + features),0,0,0,0,0,0.0726,0.6575,0.0726,0,REG,dome,matrixturf,Thursday,0,0.5364,0.1723,1,LA,1,0
2023_08_MIN_GB,2023,8,2023-10-29,MIN,GB,10,24,-14,0.0,0.4144158636175927,MIN,50-55,v2.0.0,qb_changed + rolling_mov_3,Platt (logistic on Elo prob + features),0,0,0,0,0,0.0813,0.4957,0.0813,0,REG,outdoors,grass,Sunday,1,0.5351,0.1717,1,MIN,0,1
2023_12_BAL_LAC,2023,12,2023-11-26,BAL,LAC,10,20,-10,0.0,0.4109285582723747,BAL,50-55,v2.0.0,qb_changed + rolling_mov_3,Platt (logistic on Elo prob + features),0,0,0,0,0,-0.0147,0.3962,-0.0147,0,REG,dome,matrixturf,Sunday,0,0.5292,0.1689,1,BAL,0,1
2023_03_TEN_CLE,2023,3,2023-09-24,TEN,CLE,27,3,24,1.0,0.5954496925961188,CLE,55-60,v2.0.0,qb_changed + rolling_mov_3,Platt (logistic on Elo prob + features),0,0,1,0,0,0.027,0.6225,0.027,0,REG,outdoors,grass,Sunday,0,0.5184,0.1637,1,CLE,1,0
2023_10_NO_MIN,2023,10,2023-11-12,NO,MIN,27,19,8,1.0,0.5972428838435369,MIN,55-60,v2.0.0,qb_changed + rolling_mov_3,Platt (logistic on Elo prob + features),1,0,0,0,1,-0.1802,0.417,-0.1802,1,REG,dome,sportturf,Sunday,0,0.5154,0.1622,1,MIN,1,0
2023_03_PHI_TB,2023,3,2023-09-25,PHI,TB,11,25,-14,0.0,0.3981777167119161,PHI,50-55,v2.0.0,qb_changed + rolling_mov_3,Platt (logistic on Elo prob + features),0,0,1,0,0,-0.089,0.3092,-0.089,0,REG,outdoors,grass,Monday,0,0.5078,0.1585,1,PHI,0,1
2023_03_PIT_LV,2023,3,2023-09-24,PIT,LV,18,23,-5,0.0,0.3981354002476497,PIT,50-55,v2.0.0,qb_changed + rolling_mov_3,Platt (logistic on Elo prob + features),0,0,1,0,1,0.1739,0.5721,0.1739,0,REG,dome,grass,Sunday,0,0.5077,0.1585,1,PIT,0,1
2023_11_LV_MIA,2023,11,2023-11-19,LV,MIA,20,13,7,1.0,0.6076253540727125,MIA,60-65,v2.0.0,qb_changed + rolling_mov_3,Platt (logistic on Elo prob + features),0,0,0,0,1,0.2724,0.88,0.2724,0,REG,outdoors,grass,Sunday,0,0.4982,0.154,1,MIA,1,0
2023_09_SEA_BAL,2023,9,2023-11-05,SEA,BAL,37,3,34,1.0,0.6094734185064808,BAL,60-65,v2.0.0,qb_changed + rolling_mov_3,Platt (logistic on Elo prob + features),0,0,0,0,0,0.0907,0.7002,0.0907,0,REG,outdoors,grass,Sunday,0,0.4952,0.1525,1,BAL,1,0
2023_14_IND_CIN,2023,14,2023-12-10,IND,CIN,34,14,20,1.0,0.614916916364038,CIN,60-65,v2.0.0,qb_changed + rolling_mov_3,Platt (logistic on Elo prob + features),0,0,0,0,0,-0.0429,0.5721,-0.0429,0,REG,outdoors,fieldturf,Sunday,0,0.4863,0.1483,1,CIN,1,0
2023_16_ARI_CHI,2023,16,2023-12-24,ARI,CHI,27,16,11,1.0,0.616755483769726,CHI,60-65,v2.0.0,qb_changed + rolling_mov_3,Platt (logistic on Elo prob + features),0,0,0,0,0,0.0407,0.6575,0.0407,0,REG,outdoors,grass,Sunday,0,0.4833,0.1469,1,CHI,1,0
2023_02_WAS_DEN,2023,2,2023-09-17,WAS,DEN,33,35,-2,0.0,0.3827484326748734,WAS,50-55,v2.0.0,qb_changed + rolling_mov_3,Platt (logistic on Elo prob + features),0,0,1,0,1,0.2542,0.6369,0.2542,0,REG,outdoors,,Sunday,0,0.4825,0.1465,1,WAS,0,1
2023_02_SF_LA,2023,2,2023-09-17,SF,LA,23,30,-7,0.0,0.3810520796060518,SF,50-55,v2.0.0,qb_changed + rolling_mov_3,Platt (logistic on Elo prob + features),0,0,1,0,0,-0.1219,0.2591,-0.1219,0,REG,dome,,Sunday,1,0.4797,0.1452,1,SF,0,1
2023_01_PHI_NE,2023,1,2023-09-10,PHI,NE,20,25,-5,0.0,0.3792922278356728,PHI,50-55,v2.0.0,qb_changed + rolling_mov_3,Platt (logistic on Elo prob + features),0,0,1,0,0,-0.0018,0.3775,-0.0018,0,REG,outdoors,,Sunday,0,0.4769,0.1439,1,PHI,0,1
2023_01_JAX_IND,2023,1,2023-09-10,JAX,IND,21,31,-10,0.0,0.3791913912075278,JAX,50-55,v2.0.0,qb_changed + rolling_mov_3,Platt (logistic on Elo prob + features),0,0,1,0,0,-0.0239,0.3553,-0.0239,0,REG,closed,,Sunday,1,0.4767,0.1438,1,JAX,0,1
2023_02_NYG_ARI,2023,2,2023-09-17,NYG,ARI,28,31,-3,0.0,0.3788968454949434,NYG,50-55,v2.0.0,qb_changed + rolling_mov_3,Platt (logistic on Elo prob + features),0,0,1,0,0,-0.0425,0.3364,-0.0425,0,REG,closed,,Sunday,0,0.4763,0.1436,1,NYG,0,1
2023_06_ARI_LA,2023,6,2023-10-15,ARI,LA,26,9,17,1.0,0.62579091481185,LA,60-65,v2.0.0,qb_changed + rolling_mov_3,Platt (logistic on Elo prob + features),0,0,0,0,0,0.1151,0.7409,0.1151,0,REG,dome,matrixturf,Sunday,1,0.4687,0.14,1,LA,1,0
2023_18_CHI_GB,2023,18,2024-01-07,CHI,GB,17,9,8,1.0,0.6261787133459406,GB,60-65,v2.0.0,qb_changed + rolling_mov_3,Platt (logistic on Elo prob + features),0,0,0,0,0,-0.0541,0.5721,-0.0541,0,REG,outdoors,grass,Sunday,1,0.4681,0.1397,1,GB,1,0
2023_12_SF_SEA,2023,12,2023-11-23,SF,SEA,13,31,-18,0.0,0.3719215264518328,SF,50-55,v2.0.0,qb_changed + rolling_mov_3,Platt (logistic on Elo prob + features),0,0,0,0,0,-0.1197,0.2522,-0.1197,0,REG,outdoors,fieldturf,Thursday,1,0.4651,0.1383,1,SF,0,1
2023_18_SEA_ARI,2023,18,2024-01-07,SEA,ARI,20,21,-1,0.0,0.3707538927107221,SEA,50-55,v2.0.0,qb_changed + rolling_mov_3,Platt (logistic on Elo prob + features),0,0,0,0,0,0.0463,0.417,0.0463,0,REG,closed,grass,Sunday,1,0.4632,0.1375,1,SEA,0,1
2023_03_LA_CIN,2023,3,2023-09-25,LA,CIN,19,16,3,1.0,0.6316387617295425,CIN,60-65,v2.0.0,qb_changed + rolling_mov_3,Platt (logistic on Elo prob + features),0,0,1,0,0,-0.0383,0.5934,-0.0383,0,REG,outdoors,fieldturf,Monday,0,0.4594,0.1357,1,CIN,1,0
2023_12_LA_ARI,2023,12,2023-11-26,LA,ARI,14,37,-23,0.0,0.3670894412841167,LA,50-55,v2.0.0,qb_changed + rolling_mov_3,Platt (logistic on Elo prob + features),0,0,0,0,0,0.0609,0.4279,0.0609,0,REG,closed,grass,Sunday,1,0.4574,0.1348,1,LA,0,1
2023_04_MIN_CAR,2023,4,2023-10-01,MIN,CAR,13,21,-8,0.0,0.3670249297725186,MIN,50-55,v2.0.0,qb_changed + rolling_mov_3,Platt (logistic on Elo prob + features),1,0,1,0,0,-0.0307,0.3364,-0.0307,1,REG,outdoors,grass,Sunday,0,0.4573,0.1347,1,MIN,0,1
2023_13_LAC_NE,2023,13,2023-12-03,LAC,NE,0,6,-6,0.0,0.366417641869011,LAC,50-55,v2.0.0,qb_changed + rolling_mov_3,Platt (logistic on Elo prob + features),1,0,0,0,0,-0.0301,0.3364,-0.0301,1,REG,outdoors,fieldturf,Sunday,0,0.4564,0.1343,1,LAC,0,1
2023_13_DET_NO,2023,13,2023-12-03,DET,NO,28,33,-5,0.0,0.3644808831903287,DET,50-55,v2.0.0,qb_changed + rolling_mov_3,Platt (logistic on Elo prob + features),0,0,0,0,0,-0.0014,0.3631,-0.0014,0,REG,dome,sportturf,Sunday,0,0.4533,0.1328,1,DET,0,1
2023_17_LA_NYG,2023,17,2023-12-31,LA,NYG,25,26,-1,0.0,0.3643734387338618,LA,50-55,v2.0.0,qb_changed + rolling_mov_3,Platt (logistic on Elo prob + features),1,0,0,0,0,-0.0823,0.282,-0.0823,1,REG,outdoors,fieldturf,Sunday,0,0.4531,0.1328,1,LA,0,1
2023_09_DAL_PHI,2023,9,2023-11-05,DAL,PHI,28,23,5,1.0,0.6404152242144331,PHI,60-65,v2.0.0,qb_changed + rolling_mov_3,Platt (logistic on Elo prob + features),0,0,0,0,0,-0.0312,0.6092,-0.0312,0,REG,outdoors,grass,Sunday,1,0.4456,0.1293,1,PHI,1,0
2023_20_TB_DET,2023,20,2024-01-21,TB,DET,31,23,8,1.0,0.6418930394471143,DET,60-65,v2.0.0,qb_changed + rolling_mov_3,Platt (logistic on Elo prob + features),0,0,0,0,0,0.0631,0.705,0.0631,0,DIV,dome,fieldturf,Sunday,0,0.4433,0.1282,1,DET,1,0
2023_15_CHI_CLE,2023,15,2023-12-17,CHI,CLE,20,17,3,1.0,0.6442586288286921,CLE,60-65,v2.0.0,qb_changed + rolling_mov_3,Platt (logistic on Elo prob + features),0,0,0,0,0,-0.0722,0.5721,-0.0722,0,REG,outdoors,grass,Sunday,0,0.4397,0.1266,1,CLE,1,0
2023_15_WAS_LA,2023,15,2023-12-17,WAS,LA,28,20,8,1.0,0.645118763951295,LA,60-65,v2.0.0,qb_changed + rolling_mov_3,Platt (logistic on Elo prob + features),0,0,0,0,0,0.0729,0.718,0.0729,0,REG,dome,matrixturf,Sunday,0,0.4383,0.1259,1,LA,1,0
2023_06_MIN_CHI,2023,6,2023-10-15,MIN,CHI,13,19,-6,0.0,0.353683501097889,MIN,50-55,v2.0.0,qb_changed + rolling_mov_3,Platt (logistic on Elo prob + features),0,0,0,0,0,0.0467,0.4004,0.0467,0,REG,outdoors,grass,Sunday,1,0.4365,0.1251,1,MIN,0,1
2023_05_NYG_MIA,2023,5,2023-10-08,NYG,MIA,31,16,15,1.0,0.6466429535901597,MIA,60-65,v2.0.0,qb_changed + rolling_mov_3,Platt (logistic on Elo prob + features),0,0,0,0,1,0.1999,0.8465,0.1999,0,REG,outdoors,grass,Sunday,0,0.436,0.1249,1,MIA,1,0
2023_13_CAR_TB,2023,13,2023-12-03,CAR,TB,21,18,3,1.0,0.6479298932382478,TB,60-65,v2.0.0,qb_changed + rolling_mov_3,Platt (logistic on Elo prob + features),0,0,0,0,0,-0.011,0.6369,-0.011,0,REG,outdoors,grass,Sunday,1,0.434,0.124,1,TB,1,0
2023_07_MIA_PHI,2023,7,2023-10-22,MIA,PHI,31,17,14,1.0,0.6479857878256662,PHI,60-65,v2.0.0,qb_changed + rolling_mov_3,Platt (logistic on Elo prob + features),0,0,0,0,0,-0.065,0.583,-0.065,0,REG,outdoors,grass,Sunday,0,0.4339,0.1239,1,PHI,1,0
2023_17_CAR_JAX,2023,17,2023-12-31,CAR,JAX,26,0,26,1.0,0.6483530060608219,JAX,60-65,v2.0.0,qb_changed + rolling_mov_3,Platt (logistic on Elo prob + features),1,0,0,0,0,-0.0174,0.6309,-0.0174,1,REG,outdoors,grass,Sunday,0,0.4333,0.1237,1,JAX,1,0
2023_11_NYJ_BUF,2023,11,2023-11-19,NYJ,BUF,32,6,26,1.0,0.649039918396427,BUF,60-65,v2.0.0,qb_changed + rolling_mov_3,Platt (logistic on Elo prob + features),0,0,0,0,0,0.1169,0.7659,0.1169,0,REG,outdoors,a_turf,Sunday,1,0.4323,0.1232,1,BUF,1,0
2023_20_HOU_BAL,2023,20,2024-01-20,HOU,BAL,34,10,24,1.0,0.6492762794464029,BAL,60-65,v2.0.0,qb_changed + rolling_mov_3,Platt (logistic on Elo prob + features),1,0,0,0,0,0.1276,0.7768,0.1276,1,DIV,outdoors,grass,Saturday,0,0.4319,0.123,1,BAL,1,0
2023_19_PIT_BUF,2023,19,2024-01-15,PIT,BUF,31,17,14,1.0,0.6498137515341239,BUF,60-65,v2.0.0,qb_changed + rolling_mov_3,Platt (logistic on Elo prob + features),0,0,0,0,0,0.146,0.7958,0.146,0,WC,outdoors,a_turf,Monday,0,0.4311,0.1226,1,BUF,1,0
2023_01_HOU_BAL,2023,1,2023-09-10,HOU,BAL,25,9,16,1.0,0.6505055554783657,BAL,65-70,v2.0.0,qb_changed + rolling_mov_3,Platt (logistic on Elo prob + features),0,0,1,0,0,0.1495,0.8,0.1495,0,REG,outdoors,,Sunday,0,0.43,0.1221,1,BAL,1,0
2023_14_CAR_NO,2023,14,2023-12-10,CAR,NO,28,6,22,1.0,0.6546348196986872,NO,65-70,v2.0.0,qb_changed + rolling_mov_3,Platt (logistic on Elo prob + features),0,0,0,0,0,0.0259,0.6806,0.0259,0,REG,dome,sportturf,Sunday,1,0.4237,0.1193,1,NO,1,0
2023_17_MIA_BAL,2023,17,2023-12-31,MIA,BAL,56,19,37,1.0,0.6549417309432194,BAL,65-70,v2.0.0,qb_changed + rolling_mov_3,Platt (logistic on Elo prob + features),0,0,0,0,0,-0.0385,0.6164,-0.0385,0,REG,outdoors,grass,Sunday,0,0.4232,0.1191,1,BAL,1,0
2023_09_TEN_PIT,2023,9,2023-11-02,TEN,PIT,20,16,4,1.0,0.6549666109677387,PIT,65-70,v2.0.0,qb_changed + rolling_mov_3,Platt (logistic on Elo prob + features),0,0,0,0,0,-0.0457,0.6092,-0.0457,0,REG,outdoors,grass,Thursday,0,0.4232,0.119,1,PIT,1,0
2023_01_GB_CHI,2023,1,2023-09-10,GB,CHI,20,38,-18,0.0,0.343686401237492,GB,50-55,v2.0.0,qb_changed + rolling_mov_3,Platt (logistic on Elo prob + features),0,0,1,0,1,0.1737,0.5174,0.1737,0,REG,outdoors,,Sunday,1,0.4211,0.1181,1,GB,0,1
2023_08_CHI_LAC,2023,8,2023-10-29,CHI,LAC,30,13,17,1.0,0.6581758868638031,LAC,65-70,v2.0.0,qb_changed + rolling_mov_3,Platt (logistic on Elo prob + features),0,0,0,0,0,0.1237,0.7819,0.1237,0,REG,dome,matrixturf,Sunday,0,0.4183,0.1168,1,LAC,1,0
2023_08_NE_MIA,2023,8,2023-10-29,NE,MIA,31,17,14,1.0,0.6593646018796487,MIA,65-70,v2.0.0,qb_changed + rolling_mov_3,Platt (logistic on Elo prob + features),0,0,0,0,0,0.1006,0.76,0.1006,0,REG,outdoors,grass,Sunday,1,0.4165,0.116,1,MIA,1,0
2023_13_CLE_LA,2023,13,2023-12-03,CLE,LA,36,19,17,1.0,0.6605928324956027,LA,65-70,v2.0.0,qb_changed + rolling_mov_3,Platt (logistic on Elo prob + features),1,0,0,0,0,-0.0297,0.6309,-0.0297,1,REG,dome,matrixturf,Sunday,0,0.4146,0.1152,1,LA,1,0
2023_01_ARI_WAS,2023,1,2023-09-10,ARI,WAS,20,16,4,1.0,0.6613337793459092,WAS,65-70,v2.0.0,qb_changed + rolling_mov_3,Platt (logistic on Elo prob + features),0,0,1,0,0,0.0795,0.7409,0.0795,0,REG,outdoors,,Sunday,0,0.4135,0.1147,1,WAS,1,0
2023_02_LV_BUF,2023,2,2023-09-17,LV,BUF,38,10,28,1.0,0.6621709389453639,BUF,65-70,v2.0.0,qb_changed + rolling_mov_3,Platt (logistic on Elo prob + features),0,0,1,0,0,0.0856,0.7478,0.0856,0,REG,outdoors,,Sunday,0,0.4122,0.1141,1,BUF,1,0
2023_10_GB_PIT,2023,10,2023-11-12,GB,PIT,23,19,4,1.0,0.664048683657936,PIT,65-70,v2.0.0,qb_changed + rolling_mov_3,Platt (logistic on Elo prob + features),0,0,0,0,0,-0.0644,0.5996,-0.0644,0,REG,outdoors,grass,Sunday,0,0.4094,0.1129,1,PIT,1,0
2023_05_KC_MIN,2023,5,2023-10-08,KC,MIN,20,27,-7,0.0,0.3351399163819015,KC,50-55,v2.0.0,qb_changed + rolling_mov_3,Platt (logistic on Elo prob + features),0,0,0,0,0,0.0484,0.3836,0.0484,0,REG,dome,sportturf,Sunday,0,0.4082,0.1123,1,KC,0,1
2023_16_GB_CAR,2023,16,2023-12-24,GB,CAR,30,33,-3,0.0,0.3342618262347587,GB,50-55,v2.0.0,qb_changed + rolling_mov_3,Platt (logistic on Elo prob + features),0,0,0,0,0,0.0288,0.3631,0.0288,0,REG,outdoors,grass,Sunday,0,0.4069,0.1117,1,GB,0,1
2023_12_KC_LV,2023,12,2023-11-26,KC,LV,17,31,-14,0.0,0.3342679055899994,KC,50-55,v2.0.0,qb_changed + rolling_mov_3,Platt (logistic on Elo prob + features),0,0,0,0,0,-0.1343,0.2,-0.1343,0,REG,dome,grass,Sunday,1,0.4069,0.1117,1,KC,0,1
2023_08_TB_BUF,2023,8,2023-10-26,TB,BUF,24,18,6,1.0,0.6670811690426772,BUF,65-70,v2.0.0,qb_changed + rolling_mov_3,Platt (logistic on Elo prob + features),0,0,0,0,0,0.1287,0.7958,0.1287,0,REG,outdoors,a_turf,Thursday,0,0.4048,0.1108,1,BUF,1,0
2023_11_ARI_HOU,2023,11,2023-11-19,ARI,HOU,21,16,5,1.0,0.6735129445539683,HOU,65-70,v2.0.0,qb_changed + rolling_mov_3,Platt (logistic on Elo prob + features),0,0,0,0,0,0.0119,0.6854,0.0119,0,REG,closed,astroturf,Sunday,0,0.3952,0.1066,1,HOU,1,0
2023_18_CLE_CIN,2023,18,2024-01-07,CLE,CIN,31,14,17,1.0,0.676446541453768,CIN,65-70,v2.0.0,qb_changed + rolling_mov_3,Platt (logistic on Elo prob + features),1,0,0,0,0,0.0744,0.7508,0.0744,1,REG,outdoors,fieldturf,Sunday,1,0.3909,0.1047,1,CIN,1,0
2023_05_CIN_ARI,2023,5,2023-10-08,CIN,ARI,20,34,-14,0.0,0.321297312992021,CIN,50-55,v2.0.0,qb_changed + rolling_mov_3,Platt (logistic on Elo prob + features),0,0,0,0,0,0.0749,0.3962,0.0749,0,REG,closed,grass,Sunday,0,0.3876,0.1032,1,CIN,0,1
2023_09_CHI_NO,2023,9,2023-11-05,CHI,NO,24,17,7,1.0,0.6796098235025293,NO,65-70,v2.0.0,qb_changed + rolling_mov_3,Platt (logistic on Elo prob + features),0,0,0,0,0,0.1023,0.7819,0.1023,0,REG,dome,sportturf,Sunday,0,0.3862,0.1026,1,NO,1,0
2023_02_MIN_PHI,2023,2,2023-09-14,MIN,PHI,34,28,6,1.0,0.680191920599715,PHI,65-70,v2.0.0,qb_changed + rolling_mov_3,Platt (logistic on Elo prob + features),0,0,1,0,0,-0.0052,0.675,-0.0052,0,REG,outdoors,,Thursday,0,0.3854,0.1023,1,PHI,1,0
2023_09_NYG_LV,2023,9,2023-11-05,NYG,LV,30,6,24,1.0,0.6802238230328698,LV,65-70,v2.0.0,qb_changed + rolling_mov_3,Platt (logistic on Elo prob + features),1,0,0,0,1,-0.1629,0.5174,-0.1629,1,REG,dome,grass,Sunday,0,0.3853,0.1023,1,LV,1,0
2023_16_NYG_PHI,2023,16,2023-12-25,NYG,PHI,33,25,8,1.0,0.6820662291153512,PHI,65-70,v2.0.0,qb_changed + rolling_mov_3,Platt (logistic on Elo prob + features),0,0,0,0,1,0.1809,0.863,0.1809,0,REG,outdoors,grass,Monday,1,0.3826,0.1011,1,PHI,1,0
2023_04_NE_DAL,2023,4,2023-10-01,NE,DAL,38,3,35,1.0,0.6835116614944774,DAL,65-70,v2.0.0,qb_changed + rolling_mov_3,Platt (logistic on Elo prob + features),0,0,1,0,0,0.026,0.7095,0.026,0,REG,closed,matrixturf,Sunday,0,0.3805,0.1002,1,DAL,1,0
2023_05_DAL_SF,2023,5,2023-10-08,DAL,SF,42,10,32,1.0,0.684851961045468,SF,65-70,v2.0.0,qb_changed + rolling_mov_3,Platt (logistic on Elo prob + features),0,0,0,0,0,-0.0684,0.6164,-0.0684,0,REG,outdoors,grass,Sunday,0,0.3786,0.0993,1,SF,1,0
2023_14_LA_BAL,2023,14,2023-12-10,LA,BAL,37,31,6,1.0,0.6850985446259338,BAL,65-70,v2.0.0,qb_changed + rolling_mov_3,Platt (logistic on Elo prob + features),0,0,0,0,0,0.0657,0.7508,0.0657,0,REG,outdoors,grass,Sunday,0,0.3782,0.0992,1,BAL,1,0
2023_15_LAC_LV,2023,15,2023-12-14,LAC,LV,63,21,42,1.0,0.6956306172379434,LV,65-70,v2.0.0,qb_changed + rolling_mov_3,Platt (logistic on Elo prob + features),1,0,0,0,0,-0.1023,0.5934,-0.1023,1,REG,dome,grass,Thursday,1,0.3629,0.0926,1,LV,1,0
2023_11_TEN_JAX,2023,11,2023-11-19,TEN,JAX,34,14,20,1.0,0.6966180221906457,JAX,65-70,v2.0.0,qb_changed + rolling_mov_3,Platt (logistic on Elo prob + features),0,0,0,0,0,0.0169,0.7136,0.0169,0,REG,outdoors,grass,Sunday,1,0.3615,0.092,1,JAX,1,0
2023_04_MIA_BUF,2023,4,2023-10-01,MIA,BUF,48,20,28,1.0,0.6971898323394603,BUF,65-70,v2.0.0,qb_changed + rolling_mov_3,Platt (logistic on Elo prob + features),0,0,1,0,0,-0.1337,0.5635,-0.1337,0,REG,outdoors,a_turf,Sunday,1,0.3607,0.0917,1,BUF,1,0
2023_08_LA_DAL,2023,8,2023-10-29,LA,DAL,43,20,23,1.0,0.6980283470632214,DAL,65-70,v2.0.0,qb_changed + rolling_mov_3,Platt (logistic on Elo prob + features),0,0,0,0,0,0.0277,0.7258,0.0277,0,REG,closed,matrixturf,Sunday,0,0.3595,0.0912,1,DAL,1,0
2023_19_CLE_HOU,2023,19,2024-01-13,CLE,HOU,45,14,31,1.0,0.6994333958021778,HOU,65-70,v2.0.0,qb_changed + rolling_mov_3,Platt (logistic on Elo prob + features),1,0,0,0,1,-0.2715,0.4279,-0.2715,1,WC,closed,astroturf,Saturday,0,0.3575,0.0903,1,HOU,1,0
2023_13_MIA_WAS,2023,13,2023-12-03,MIA,WAS,15,45,-30,0.0,0.2966031822024834,MIA,50-55,v2.0.0,qb_changed + rolling_mov_3,Platt (logistic on Elo prob + features),0,0,0,0,0,-0.0833,0.2133,-0.0833,0,REG,outdoors,grass,Sunday,0,0.3518,0.088,1,MIA,0,1
2023_15_KC_NE,2023,15,2023-12-17,KC,NE,17,27,-10,0.0,0.289903575980923,KC,50-55,v2.0.0,qb_changed + rolling_mov_3,Platt (logistic on Elo prob + features),0,0,0,0,0,-0.0857,0.2042,-0.0857,0,REG,outdoors,fieldturf,Sunday,0,0.3424,0.084,1,KC,0,1
2023_18_TB_CAR,2023,18,2024-01-07,TB,CAR,0,9,-9,0.0,0.2865258064217875,TB,50-55,v2.0.0,qb_changed + rolling_mov_3,Platt (logistic on Elo prob + features),0,0,0,0,0,0.0329,0.3194,0.0329,0,REG,outdoors,grass,Sunday,1,0.3376,0.0821,1,TB,0,1
2023_05_PHI_LA,2023,5,2023-10-08,PHI,LA,14,23,-9,0.0,0.2853565008223907,PHI,50-55,v2.0.0,qb_changed + rolling_mov_3,Platt (logistic on Elo prob + features),0,0,0,0,0,0.0837,0.3691,0.0837,0,REG,dome,matrixturf,Sunday,0,0.336,0.0814,1,PHI,0,1
2023_11_TB_SF,2023,11,2023-11-19,TB,SF,27,14,13,1.0,0.7155315234510333,SF,70-80,v2.0.0,qb_changed + rolling_mov_3,Platt (logistic on Elo prob + features),0,0,0,0,1,0.1522,0.8677,0.1522,0,REG,outdoors,grass,Sunday,0,0.3347,0.0809,1,SF,1,0
2023_02_CHI_TB,2023,2,2023-09-17,CHI,TB,27,17,10,1.0,0.7173496196658019,TB,70-80,v2.0.0,qb_changed + rolling_mov_3,Platt (logistic on Elo prob + features),0,0,1,0,1,-0.1659,0.5514,-0.1659,0,REG,outdoors,,Sunday,0,0.3322,0.0799,1,TB,1,0
2023_12_MIA_NYJ,2023,12,2023-11-24,MIA,NYJ,13,34,-21,0.0,0.2817742727819587,MIA,50-55,v2.0.0,qb_changed + rolling_mov_3,Platt (logistic on Elo prob + features),1,0,0,0,0,-0.0818,0.2,-0.0818,1,REG,outdoors,fieldturf,Friday,1,0.331,0.0794,1,MIA,0,1
2023_12_BUF_PHI,2023,12,2023-11-26,BUF,PHI,37,34,3,1.0,0.7182782064492763,PHI,70-80,v2.0.0,qb_changed + rolling_mov_3,Platt (logistic on Elo prob + features),0,0,0,0,0,-0.1462,0.5721,-0.1462,0,REG,outdoors,grass,Sunday,0,0.3309,0.0794,1,PHI,1,0
2023_08_PHI_WAS,2023,8,2023-10-29,PHI,WAS,31,38,-7,0.0,0.2813296232596508,PHI,50-55,v2.0.0,qb_changed + rolling_mov_3,Platt (logistic on Elo prob + features),0,0,0,0,0,-0.0034,0.2779,-0.0034,0,REG,outdoors,grass,Sunday,1,0.3304,0.0791,1,PHI,0,1
2023_09_LA_GB,2023,9,2023-11-05,LA,GB,20,3,17,1.0,0.71932091987509,GB,70-80,v2.0.0,qb_changed + rolling_mov_3,Platt (logistic on Elo prob + features),1,0,0,0,0,-0.086,0.6334,-0.086,1,REG,outdoors,grass,Sunday,0,0.3294,0.0788,1,GB,1,0
2023_16_BUF_LAC,2023,16,2023-12-23,BUF,LAC,22,24,-2,0.0,0.2791248883235229,BUF,50-55,v2.0.0,qb_changed + rolling_mov_3,Platt (logistic on Elo prob + features),0,0,0,0,0,-0.1316,0.1475,-0.1316,0,REG,dome,matrixturf,Saturday,0,0.3273,0.0779,1,BUF,0,1
2023_17_NYJ_CLE,2023,17,2023-12-28,NYJ,CLE,37,20,17,1.0,0.7217146463653801,CLE,70-80,v2.0.0,qb_changed + rolling_mov_3,Platt (logistic on Elo prob + features),0,0,0,0,0,0.0198,0.7415,0.0198,0,REG,outdoors,grass,Thursday,0,0.3261,0.0774,1,CLE,1,0
2023_03_DEN_MIA,2023,3,2023-09-24,DEN,MIA,70,20,50,1.0,0.721877388924471,MIA,70-80,v2.0.0,qb_changed + rolling_mov_3,Platt (logistic on Elo prob + features),0,0,1,0,0,-0.0365,0.6854,-0.0365,0,REG,outdoors,grass,Sunday,0,0.3259,0.0774,1,MIA,1,0
2023_04_WAS_PHI,2023,4,2023-10-01,WAS,PHI,34,31,3,1.0,0.7220321186835201,PHI,70-80,v2.0.0,qb_changed + rolling_mov_3,Platt (logistic on Elo prob + features),0,0,1,0,0,0.0647,0.7867,0.0647,0,REG,outdoors,grass,Sunday,1,0.3257,0.0773,1,PHI,1,0
2023_07_ARI_SEA,2023,7,2023-10-22,ARI,SEA,20,10,10,1.0,0.7249498524090293,SEA,70-80,v2.0.0,qb_changed + rolling_mov_3,Platt (logistic on Elo prob + features),0,0,0,0,0,0.0618,0.7867,0.0618,0,REG,outdoors,fieldturf,Sunday,1,0.3217,0.0757,1,SEA,1,0
2023_15_NYJ_MIA,2023,15,2023-12-17,NYJ,MIA,30,0,30,1.0,0.7317229336723969,MIA,70-80,v2.0.0,qb_changed + rolling_mov_3,Platt (logistic on Elo prob + features),0,0,0,0,0,0.0123,0.7441,0.0123,0,REG,outdoors,grass,Sunday,1,0.3124,0.072,1,MIA,1,0
2023_03_NYG_SF,2023,3,2023-09-21,NYG,SF,30,12,18,1.0,0.7390768324709573,SF,70-80,v2.0.0,qb_changed + rolling_mov_3,Platt (logistic on Elo prob + features),0,0,1,0,0,0.0691,0.8082,0.0691,0,REG,outdoors,grass,Thursday,0,0.3024,0.0681,1,SF,1,0
2023_05_CAR_DET,2023,5,2023-10-08,CAR,DET,42,24,18,1.0,0.740213409950073,DET,70-80,v2.0.0,qb_changed + rolling_mov_3,Platt (logistic on Elo prob + features),0,0,0,0,0,0.0465,0.7867,0.0465,0,REG,dome,fieldturf,Sunday,0,0.3008,0.0675,1,DET,1,0
2023_13_SEA_DAL,2023,13,2023-11-30,SEA,DAL,41,35,6,1.0,0.7437073367065734,DAL,70-80,v2.0.0,qb_changed + rolling_mov_3,Platt (logistic on Elo prob + features),0,0,0,0,0,0.0563,0.8,0.0563,0,REG,closed,matrixturf,Thursday,0,0.2961,0.0657,1,DAL,1,0
2023_06_CAR_MIA,2023,6,2023-10-15,CAR,MIA,42,21,21,1.0,0.7459276046377705,MIA,70-80,v2.0.0,qb_changed + rolling_mov_3,Platt (logistic on Elo prob + features),0,0,0,0,0,0.1341,0.88,0.1341,0,REG,outdoors,grass,Sunday,0,0.2931,0.0646,1,MIA,1,0
2023_04_KC_NYJ,2023,4,2023-10-01,KC,NYJ,20,23,-3,0.0,0.2539602600383553,KC,50-55,v2.0.0,qb_changed + rolling_mov_3,Platt (logistic on Elo prob + features),0,0,1,0,0,-0.0497,0.2042,-0.0497,0,REG,outdoors,fieldturf,Sunday,0,0.293,0.0645,1,KC,0,1
2023_08_BAL_ARI,2023,8,2023-10-29,BAL,ARI,24,31,-7,0.0,0.25376332797919,BAL,50-55,v2.0.0,qb_changed + rolling_mov_3,Platt (logistic on Elo prob + features),0,0,0,0,0,-0.0538,0.2,-0.0538,0,REG,closed,grass,Sunday,0,0.2927,0.0644,1,BAL,0,1
2023_17_TEN_HOU,2023,17,2023-12-31,TEN,HOU,26,3,23,1.0,0.7485440149030046,HOU,70-80,v2.0.0,qb_changed + rolling_mov_3,Platt (logistic on Elo prob + features),1,0,0,0,0,-0.0795,0.669,-0.0795,1,REG,closed,astroturf,Sunday,1,0.2896,0.0632,1,HOU,1,0
2023_11_DAL_CAR,2023,11,2023-11-19,DAL,CAR,10,33,-23,0.0,0.2473919977227453,DAL,50-55,v2.0.0,qb_changed + rolling_mov_3,Platt (logistic on Elo prob + features),0,0,0,0,0,-0.079,0.1684,-0.079,0,REG,outdoors,grass,Sunday,0,0.2842,0.0612,1,DAL,0,1
2023_08_CLE_SEA,2023,8,2023-10-29,CLE,SEA,24,20,4,1.0,0.7559162993859887,SEA,70-80,v2.0.0,qb_changed + rolling_mov_3,Platt (logistic on Elo prob + features),1,0,0,0,0,-0.119,0.6369,-0.119,1,REG,outdoors,fieldturf,Sunday,0,0.2798,0.0596,1,SEA,1,0
2023_07_LAC_KC,2023,7,2023-10-22,LAC,KC,31,17,14,1.0,0.7595708067516658,KC,70-80,v2.0.0,qb_changed + rolling_mov_3,Platt (logistic on Elo prob + features),0,0,0,0,0,-0.0638,0.6958,-0.0638,0,REG,outdoors,grass,Sunday,1,0.275,0.0578,1,KC,1,0
2023_12_WAS_DAL,2023,12,2023-11-23,WAS,DAL,45,10,35,1.0,0.7603741748939831,DAL,70-80,v2.0.0,qb_changed + rolling_mov_3,Platt (logistic on Elo prob + features),0,0,0,0,0,0.0921,0.8525,0.0921,0,REG,closed,matrixturf,Thursday,1,0.2739,0.0574,1,DAL,1,0
2023_17_NE_BUF,2023,17,2023-12-31,NE,BUF,27,21,6,1.0,0.7674234887576487,BUF,70-80,v2.0.0,qb_changed + rolling_mov_3,Platt (logistic on Elo prob + features),0,0,0,0,0,0.1195,0.887,0.1195,0,REG,outdoors,a_turf,Sunday,1,0.2647,0.0541,1,BUF,1,0
2023_04_LV_LAC,2023,4,2023-10-01,LV,LAC,24,17,7,1.0,0.7764084421443913,LAC,70-80,v2.0.0,qb_changed + rolling_mov_3,Platt (logistic on Elo prob + features),1,0,1,0,0,-0.0507,0.7258,-0.0507,1,REG,dome,matrixturf,Sunday,1,0.2531,0.05,1,LAC,1,0
2023_19_LA_DET,2023,19,2024-01-14,LA,DET,24,23,1,1.0,0.7770536151777879,DET,70-80,v2.0.0,qb_changed + rolling_mov_3,Platt (logistic on Elo prob + features),1,0,0,0,1,-0.1837,0.5934,-0.1837,1,WC,dome,fieldturf,Sunday,0,0.2522,0.0497,1,DET,1,0
2023_18_DAL_WAS,2023,18,2024-01-07,DAL,WAS,10,38,-28,0.0,0.2193717249023553,DAL,50-55,v2.0.0,qb_changed + rolling_mov_3,Platt (logistic on Elo prob + features),0,0,0,0,0,-0.0773,0.1421,-0.0773,0,REG,outdoors,grass,Sunday,1,0.2477,0.0481,1,DAL,0,1
2023_03_CAR_SEA,2023,3,2023-09-24,CAR,SEA,37,27,10,1.0,0.7882912903816818,SEA,70-80,v2.0.0,qb_changed + rolling_mov_3,Platt (logistic on Elo prob + features),1,0,1,0,0,-0.1246,0.6636,-0.1246,1,REG,outdoors,fieldturf,Sunday,0,0.2379,0.0448,1,SEA,1,0
2023_15_MIN_CIN,2023,15,2023-12-16,MIN,CIN,27,24,3,1.0,0.7884342038850022,CIN,70-80,v2.0.0,qb_changed + rolling_mov_3,Platt (logistic on Elo prob + features),1,0,0,0,1,-0.1792,0.6092,-0.1792,1,REG,outdoors,fieldturf,Saturday,0,0.2377,0.0448,1,CIN,1,0
2023_15_SF_ARI,2023,15,2023-12-17,SF,ARI,29,45,-16,0.0,0.1970304900029758,SF,50-55,v2.0.0,qb_changed + rolling_mov_3,Platt (logistic on Elo prob + features),0,0,0,0,0,-0.0435,0.1535,-0.0435,0,REG,open,grass,Sunday,1,0.2194,0.0388,1,SF,0,1
2023_17_SF_WAS,2023,17,2023-12-31,SF,WAS,10,27,-17,0.0,0.1954419148460526,SF,50-55,v2.0.0,qb_changed + rolling_mov_3,Platt (logistic on Elo prob + features),0,0,0,0,0,-0.0716,0.1238,-0.0716,0,REG,outdoors,grass,Sunday,0,0.2175,0.0382,1,SF,0,1
2023_03_CHI_KC,2023,3,2023-09-24,CHI,KC,41,10,31,1.0,0.8123323678328411,KC,80+,v2.0.0,qb_changed + rolling_mov_3,Platt (logistic on Elo prob + features),0,0,1,0,0,0.0342,0.8465,0.0342,0,REG,outdoors,grass,Sunday,0,0.2078,0.0352,1,KC,1,0
2023_18_ATL_NO,2023,18,2024-01-07,ATL,NO,48,17,31,1.0,0.8128329249249934,NO,80+,v2.0.0,qb_changed + rolling_mov_3,Platt (logistic on Elo prob + features),1,0,0,0,1,-0.2036,0.6092,-0.2036,1,REG,dome,sportturf,Sunday,1,0.2072,0.035,1,NO,1,0
2023_04_ARI_SF,2023,4,2023-10-01,ARI,SF,35,16,19,1.0,0.8211877423680719,SF,80+,v2.0.0,qb_changed + rolling_mov_3,Platt (logistic on Elo prob + features),0,0,1,0,0,0.0588,0.88,0.0588,0,REG,outdoors,grass,Sunday,1,0.197,0.032,1,SF,1,0
2023_06_IND_JAX,2023,6,2023-10-15,IND,JAX,37,20,17,1.0,0.8221489277317254,JAX,80+,v2.0.0,qb_changed + rolling_mov_3,Platt (logistic on Elo prob + features),1,0,0,0,1,-0.1774,0.6447,-0.1774,1,REG,outdoors,grass,Sunday,1,0.1958,0.0316,1,JAX,1,0
2023_06_DEN_KC,2023,6,2023-10-12,DEN,KC,19,8,11,1.0,0.8268608323995813,KC,80+,v2.0.0,qb_changed + rolling_mov_3,Platt (logistic on Elo prob + features),0,0,0,0,0,0.0048,0.8316,0.0048,0,REG,outdoors,grass,Thursday,1,0.1901,0.03,1,KC,1,0
2023_09_ARI_CLE,2023,9,2023-11-05,ARI,CLE,27,0,27,1.0,0.838181932657619,CLE,80+,v2.0.0,qb_changed + rolling_mov_3,Platt (logistic on Elo prob + features),1,0,0,0,0,0.0083,0.8465,0.0083,1,REG,outdoors,grass,Sunday,0,0.1765,0.0262,1,CLE,1,0
2023_08_LV_DET,2023,8,2023-10-30,LV,DET,26,14,12,1.0,0.8404291156879086,DET,80+,v2.0.0,qb_changed + rolling_mov_3,Platt (logistic on Elo prob + features),1,0,0,0,0,-0.0996,0.7409,-0.0996,1,REG,dome,fieldturf,Monday,0,0.1738,0.0255,1,DET,1,0
2023_18_MIN_DET,2023,18,2024-01-07,MIN,DET,30,20,10,1.0,0.8436017796323211,DET,80+,v2.0.0,qb_changed + rolling_mov_3,Platt (logistic on Elo prob + features),1,0,0,0,1,-0.1989,0.6447,-0.1989,1,REG,dome,fieldturf,Sunday,1,0.1701,0.0245,1,DET,1,0
2023_10_NYG_DAL,2023,10,2023-11-12,NYG,DAL,49,17,32,1.0,0.8744935729953068,DAL,80+,v2.0.0,qb_changed + rolling_mov_3,Platt (logistic on Elo prob + features),1,0,0,0,0,0.0452,0.9197,0.0452,1,REG,closed,matrixturf,Sunday,1,0.1341,0.0158,1,DAL,1,0
2023_06_NYG_BUF,2023,6,2023-10-15,NYG,BUF,14,9,5,1.0,0.8882571691425837,BUF,80+,v2.0.0,qb_changed + rolling_mov_3,Platt (logistic on Elo prob + features),1,0,0,0,0,-0.0013,0.887,-0.0013,1,REG,outdoors,a_turf,Sunday,0,0.1185,0.0125,1,BUF,1,0
2023_11_CHI_DET,2023,11,2023-11-19,CHI,DET,31,26,5,1.0,0.8884101739795296,DET,80+,v2.0.0,qb_changed + rolling_mov_3,Platt (logistic on Elo prob + features),1,0,0,0,0,-0.1065,0.7819,-0.1065,1,REG,dome,fieldturf,Sunday,1,0.1183,0.0125,1,DET,1,0
2023_14_SEA_SF,2023,14,2023-12-10,SEA,SF,28,16,12,1.0,0.8950226750236572,SF,80+,v2.0.0,qb_changed + rolling_mov_3,Platt (logistic on Elo prob + features),1,0,0,0,0,-0.0229,0.8721,-0.0229,1,REG,outdoors,grass,Sunday,1,0.1109,0.011,1,SF,1,0
2023_02_NYJ_DAL,2023,2,2023-09-17,NYJ,DAL,30,10,20,1.0,0.898631899454824,DAL,80+,v2.0.0,qb_changed + rolling_mov_3,Platt (logistic on Elo prob + features),1,0,1,0,0,-0.1386,0.76,-0.1386,1,REG,open,,Sunday,0,0.1069,0.0103,1,DAL,1,0
